sample_id,source_digit,target_label,label,handedness,image_path,split
1_IMG_1180,1,digit_1,0,Right,Sign-Language-Digits-Dataset\Dataset\1\IMG_1180.JPG,test
1_IMG_1271,1,digit_1,0,Right,Sign-Language-Digits-Dataset\Dataset\1\IMG_1271.JPG,test
1_IMG_4050,1,digit_1,0,Right,Sign-Language-Digits-Dataset\Dataset\1\IMG_4050.JPG,test
1_IMG_4080,1,digit_1,0,Right,Sign-Language-Digits-Dataset\Dataset\1\IMG_4080.JPG,test
1_IMG_4172,1,digit_1,0,Right,Sign-Language-Digits-Dataset\Dataset\1\IMG_4172.JPG,test
1_IMG_4214,1,digit_1,0,Right,Sign-Language-Digits-Dataset\Dataset\1\IMG_4214.JPG,test
1_IMG_4224,1,digit_1,0,Right,Sign-Language-Digits-Dataset\Dataset\1\IMG_4224.JPG,test
1_IMG_4244,1,digit_1,0,Right,Sign-Language-Digits-Dataset\Dataset\1\IMG_4244.JPG,test
1_IMG_4307,1,digit_1,0,Right,Sign-Language-Digits-Dataset\Dataset\1\IMG_4307.JPG,test
1_IMG_4349,1,digit_1,0,Right,Sign-Language-Digits-Dataset\Dataset\1\IMG_4349.JPG,test
1_IMG_4382,1,digit_1,0,Right,Sign-Language-Digits-Dataset\Dataset\1\IMG_4382.JPG,test
1_IMG_4404,1,digit_1,0,Right,Sign-Language-Digits-Dataset\Dataset\1\IMG_4404.JPG,test
1_IMG_4555,1,digit_1,0,Right,Sign-Language-Digits-Dataset\Dataset\1\IMG_4555.JPG,test
1_IMG_4635,1,digit_1,0,Right,Sign-Language-Digits-Dataset\Dataset\1\IMG_4635.JPG,test
1_IMG_4827,1,digit_1,0,Right,Sign-Language-Digits-Dataset\Dataset\1\IMG_4827.JPG,test
1_IMG_5092,1,digit_1,0,Right,Sign-Language-Digits-Dataset\Dataset\1\IMG_5092.JPG,test
1_IMG_5143,1,digit_1,0,Right,Sign-Language-Digits-Dataset\Dataset\1\IMG_5143.JPG,test
1_IMG_5256,1,digit_1,0,Right,Sign-Language-Digits-Dataset\Dataset\1\IMG_5256.JPG,test
1_IMG_5287,1,digit_1,0,Right,Sign-Language-Digits-Dataset\Dataset\1\IMG_5287.JPG,test
1_IMG_5646,1,digit_1,0,Right,Sign-Language-Digits-Dataset\Dataset\1\IMG_5646.JPG,test
1_IMG_5676,1,digit_1,0,Right,Sign-Language-Digits-Dataset\Dataset\1\IMG_5676.JPG,test
1_IMG_5686,1,digit_1,0,Right,Sign-Language-Digits-Dataset\Dataset\1\IMG_5686.JPG,test
1_IMG_5696,1,digit_1,0,Right,Sign-Language-Digits-Dataset\Dataset\1\IMG_5696.JPG,test
1_IMG_5848,1,digit_1,0,Right,Sign-Language-Digits-Dataset\Dataset\1\IMG_5848.JPG,test
1_IMG_5868,1,digit_1,0,Right,Sign-Language-Digits-Dataset\Dataset\1\IMG_5868.JPG,test
2_IMG_1130,2,digit_2,1,Right,Sign-Language-Digits-Dataset\Dataset\2\IMG_1130.JPG,test
2_IMG_1191,2,digit_2,1,Right,Sign-Language-Digits-Dataset\Dataset\2\IMG_1191.JPG,test
2_IMG_1272,2,digit_2,1,Right,Sign-Language-Digits-Dataset\Dataset\2\IMG_1272.JPG,test
2_IMG_1282,2,digit_2,1,Right,Sign-Language-Digits-Dataset\Dataset\2\IMG_1282.JPG,test
2_IMG_4091,2,digit_2,1,Right,Sign-Language-Digits-Dataset\Dataset\2\IMG_4091.JPG,test
2_IMG_4131,2,digit_2,1,Right,Sign-Language-Digits-Dataset\Dataset\2\IMG_4131.JPG,test
2_IMG_4245,2,digit_2,1,Right,Sign-Language-Digits-Dataset\Dataset\2\IMG_4245.JPG,test
2_IMG_4256,2,digit_2,1,Right,Sign-Language-Digits-Dataset\Dataset\2\IMG_4256.JPG,test
2_IMG_4319,2,digit_2,1,Right,Sign-Language-Digits-Dataset\Dataset\2\IMG_4319.JPG,test
2_IMG_4695,2,digit_2,1,Right,Sign-Language-Digits-Dataset\Dataset\2\IMG_4695.JPG,test
2_IMG_4727,2,digit_2,1,Right,Sign-Language-Digits-Dataset\Dataset\2\IMG_4727.JPG,test
2_IMG_4898,2,digit_2,1,Right,Sign-Language-Digits-Dataset\Dataset\2\IMG_4898.JPG,test
2_IMG_4918,2,digit_2,1,Right,Sign-Language-Digits-Dataset\Dataset\2\IMG_4918.JPG,test
2_IMG_4968,2,digit_2,1,Right,Sign-Language-Digits-Dataset\Dataset\2\IMG_4968.JPG,test
2_IMG_5033,2,digit_2,1,Right,Sign-Language-Digits-Dataset\Dataset\2\IMG_5033.JPG,test
2_IMG_5093,2,digit_2,1,Right,Sign-Language-Digits-Dataset\Dataset\2\IMG_5093.JPG,test
2_IMG_5134,2,digit_2,1,Right,Sign-Language-Digits-Dataset\Dataset\2\IMG_5134.JPG,test
2_IMG_5144,2,digit_2,1,Right,Sign-Language-Digits-Dataset\Dataset\2\IMG_5144.JPG,test
2_IMG_5165,2,digit_2,1,Right,Sign-Language-Digits-Dataset\Dataset\2\IMG_5165.JPG,test
2_IMG_5499,2,digit_2,1,Right,Sign-Language-Digits-Dataset\Dataset\2\IMG_5499.JPG,test
2_IMG_5879,2,digit_2,1,Right,Sign-Language-Digits-Dataset\Dataset\2\IMG_5879.JPG,test
2_IMG_5940,2,digit_2,1,Right,Sign-Language-Digits-Dataset\Dataset\2\IMG_5940.JPG,test
2_IMG_5983,2,digit_2,1,Right,Sign-Language-Digits-Dataset\Dataset\2\IMG_5983.JPG,test
3_IMG_1182,3,digit_3,2,Right,Sign-Language-Digits-Dataset\Dataset\3\IMG_1182.JPG,test
3_IMG_1202,3,digit_3,2,Right,Sign-Language-Digits-Dataset\Dataset\3\IMG_1202.JPG,test
3_IMG_1263,3,digit_3,2,Right,Sign-Language-Digits-Dataset\Dataset\3\IMG_1263.JPG,test
3_IMG_4062,3,digit_3,2,Right,Sign-Language-Digits-Dataset\Dataset\3\IMG_4062.JPG,test
3_IMG_4082,3,digit_3,2,Right,Sign-Language-Digits-Dataset\Dataset\3\IMG_4082.JPG,test
3_IMG_4132,3,digit_3,2,Right,Sign-Language-Digits-Dataset\Dataset\3\IMG_4132.JPG,test
3_IMG_4236,3,digit_3,2,Right,Sign-Language-Digits-Dataset\Dataset\3\IMG_4236.JPG,test
3_IMG_4499,3,digit_3,2,Right,Sign-Language-Digits-Dataset\Dataset\3\IMG_4499.JPG,test
3_IMG_4567,3,digit_3,2,Right,Sign-Language-Digits-Dataset\Dataset\3\IMG_4567.JPG,test
3_IMG_4728,3,digit_3,2,Right,Sign-Language-Digits-Dataset\Dataset\3\IMG_4728.JPG,test
3_IMG_4738,3,digit_3,2,Right,Sign-Language-Digits-Dataset\Dataset\3\IMG_4738.JPG,test
3_IMG_4768,3,digit_3,2,Right,Sign-Language-Digits-Dataset\Dataset\3\IMG_4768.JPG,test
3_IMG_4929,3,digit_3,2,Right,Sign-Language-Digits-Dataset\Dataset\3\IMG_4929.JPG,test
3_IMG_4949,3,digit_3,2,Right,Sign-Language-Digits-Dataset\Dataset\3\IMG_4949.JPG,test
3_IMG_5034,3,digit_3,2,Right,Sign-Language-Digits-Dataset\Dataset\3\IMG_5034.JPG,test
3_IMG_5094,3,digit_3,2,Right,Sign-Language-Digits-Dataset\Dataset\3\IMG_5094.JPG,test
3_IMG_5155,3,digit_3,2,Right,Sign-Language-Digits-Dataset\Dataset\3\IMG_5155.JPG,test
3_IMG_5186,3,digit_3,2,Right,Sign-Language-Digits-Dataset\Dataset\3\IMG_5186.JPG,test
3_IMG_5237,3,digit_3,2,Right,Sign-Language-Digits-Dataset\Dataset\3\IMG_5237.JPG,test
3_IMG_5311,3,digit_3,2,Right,Sign-Language-Digits-Dataset\Dataset\3\IMG_5311.JPG,test
3_IMG_5373,3,digit_3,2,Right,Sign-Language-Digits-Dataset\Dataset\3\IMG_5373.JPG,test
3_IMG_5393,3,digit_3,2,Right,Sign-Language-Digits-Dataset\Dataset\3\IMG_5393.JPG,test
3_IMG_5490,3,digit_3,2,Right,Sign-Language-Digits-Dataset\Dataset\3\IMG_5490.JPG,test
3_IMG_5628,3,digit_3,2,Right,Sign-Language-Digits-Dataset\Dataset\3\IMG_5628.JPG,test
3_IMG_5749,3,digit_3,2,Right,Sign-Language-Digits-Dataset\Dataset\3\IMG_5749.JPG,test
3_IMG_5809,3,digit_3,2,Right,Sign-Language-Digits-Dataset\Dataset\3\IMG_5809.JPG,test
3_IMG_5840,3,digit_3,2,Right,Sign-Language-Digits-Dataset\Dataset\3\IMG_5840.JPG,test
3_IMG_5910,3,digit_3,2,Right,Sign-Language-Digits-Dataset\Dataset\3\IMG_5910.JPG,test
3_IMG_5931,3,digit_3,2,Right,Sign-Language-Digits-Dataset\Dataset\3\IMG_5931.JPG,test
3_IMG_5974,3,digit_3,2,Right,Sign-Language-Digits-Dataset\Dataset\3\IMG_5974.JPG,test
0_IMG_1312,0,other_digit,3,Right,Sign-Language-Digits-Dataset\Dataset\0\IMG_1312.JPG,test
0_IMG_4069,0,other_digit,3,Right,Sign-Language-Digits-Dataset\Dataset\0\IMG_4069.JPG,test
0_IMG_4181,0,other_digit,3,Right,Sign-Language-Digits-Dataset\Dataset\0\IMG_4181.JPG,test
0_IMG_4203,0,other_digit,3,Right,Sign-Language-Digits-Dataset\Dataset\0\IMG_4203.JPG,test
0_IMG_4327,0,other_digit,3,Right,Sign-Language-Digits-Dataset\Dataset\0\IMG_4327.JPG,test
0_IMG_4391,0,other_digit,3,Right,Sign-Language-Digits-Dataset\Dataset\0\IMG_4391.JPG,test
0_IMG_4423,0,other_digit,3,Right,Sign-Language-Digits-Dataset\Dataset\0\IMG_4423.JPG,test
0_IMG_4456,0,other_digit,3,Right,Sign-Language-Digits-Dataset\Dataset\0\IMG_4456.JPG,test
0_IMG_4476,0,other_digit,3,Right,Sign-Language-Digits-Dataset\Dataset\0\IMG_4476.JPG,test
0_IMG_4486,0,other_digit,3,Right,Sign-Language-Digits-Dataset\Dataset\0\IMG_4486.JPG,test
0_IMG_4735,0,other_digit,3,Right,Sign-Language-Digits-Dataset\Dataset\0\IMG_4735.JPG,test
0_IMG_4765,0,other_digit,3,Right,Sign-Language-Digits-Dataset\Dataset\0\IMG_4765.JPG,test
0_IMG_4796,0,other_digit,3,Right,Sign-Language-Digits-Dataset\Dataset\0\IMG_4796.JPG,test
0_IMG_4916,0,other_digit,3,Right,Sign-Language-Digits-Dataset\Dataset\0\IMG_4916.JPG,test
0_IMG_4956,0,other_digit,3,Right,Sign-Language-Digits-Dataset\Dataset\0\IMG_4956.JPG,test
0_IMG_5028,0,other_digit,3,Right,Sign-Language-Digits-Dataset\Dataset\0\IMG_5028.JPG,test
0_IMG_5042,0,other_digit,3,Right,Sign-Language-Digits-Dataset\Dataset\0\IMG_5042.JPG,test
0_IMG_5173,0,other_digit,3,Right,Sign-Language-Digits-Dataset\Dataset\0\IMG_5173.JPG,test
0_IMG_5183,0,other_digit,3,Right,Sign-Language-Digits-Dataset\Dataset\0\IMG_5183.JPG,test
0_IMG_5328,0,other_digit,3,Right,Sign-Language-Digits-Dataset\Dataset\0\IMG_5328.JPG,test
0_IMG_5341,0,other_digit,3,Right,Sign-Language-Digits-Dataset\Dataset\0\IMG_5341.JPG,test
0_IMG_5400,0,other_digit,3,Right,Sign-Language-Digits-Dataset\Dataset\0\IMG_5400.JPG,test
0_IMG_5412,0,other_digit,3,Right,Sign-Language-Digits-Dataset\Dataset\0\IMG_5412.JPG,test
0_IMG_5456,0,other_digit,3,Right,Sign-Language-Digits-Dataset\Dataset\0\IMG_5456.JPG,test
0_IMG_5826,0,other_digit,3,Right,Sign-Language-Digits-Dataset\Dataset\0\IMG_5826.JPG,test
0_IMG_5837,0,other_digit,3,Right,Sign-Language-Digits-Dataset\Dataset\0\IMG_5837.JPG,test
0_IMG_5847,0,other_digit,3,Left,Sign-Language-Digits-Dataset\Dataset\0\IMG_5847.JPG,test
0_IMG_5897,0,other_digit,3,Right,Sign-Language-Digits-Dataset\Dataset\0\IMG_5897.JPG,test
0_IMG_5950,0,other_digit,3,Right,Sign-Language-Digits-Dataset\Dataset\0\IMG_5950.JPG,test
0_IMG_5981,0,other_digit,3,Right,Sign-Language-Digits-Dataset\Dataset\0\IMG_5981.JPG,test
4_IMG_1316,4,other_digit,3,Right,Sign-Language-Digits-Dataset\Dataset\4\IMG_1316.JPG,test
4_IMG_4083,4,other_digit,3,Right,Sign-Language-Digits-Dataset\Dataset\4\IMG_4083.JPG,test
4_IMG_4143,4,other_digit,3,Right,Sign-Language-Digits-Dataset\Dataset\4\IMG_4143.JPG,test
4_IMG_4163,4,other_digit,3,Right,Sign-Language-Digits-Dataset\Dataset\4\IMG_4163.JPG,test
4_IMG_4248,4,other_digit,3,Right,Sign-Language-Digits-Dataset\Dataset\4\IMG_4248.JPG,test
4_IMG_4270,4,other_digit,3,Right,Sign-Language-Digits-Dataset\Dataset\4\IMG_4270.JPG,test
4_IMG_4280,4,other_digit,3,Right,Sign-Language-Digits-Dataset\Dataset\4\IMG_4280.JPG,test
4_IMG_4310,4,other_digit,3,Right,Sign-Language-Digits-Dataset\Dataset\4\IMG_4310.JPG,test
4_IMG_4428,4,other_digit,3,Right,Sign-Language-Digits-Dataset\Dataset\4\IMG_4428.JPG,test
4_IMG_4490,4,other_digit,3,Right,Sign-Language-Digits-Dataset\Dataset\4\IMG_4490.JPG,test
4_IMG_4500,4,other_digit,3,Right,Sign-Language-Digits-Dataset\Dataset\4\IMG_4500.JPG,test
4_IMG_4638,4,other_digit,3,Right,Sign-Language-Digits-Dataset\Dataset\4\IMG_4638.JPG,test
4_IMG_4820,4,other_digit,3,Right,Sign-Language-Digits-Dataset\Dataset\4\IMG_4820.JPG,test
4_IMG_4970,4,other_digit,3,Left,Sign-Language-Digits-Dataset\Dataset\4\IMG_4970.JPG,test
4_IMG_4980,4,other_digit,3,Right,Sign-Language-Digits-Dataset\Dataset\4\IMG_4980.JPG,test
4_IMG_4990,4,other_digit,3,Right,Sign-Language-Digits-Dataset\Dataset\4\IMG_4990.JPG,test
4_IMG_5177,4,other_digit,3,Right,Sign-Language-Digits-Dataset\Dataset\4\IMG_5177.JPG,test
4_IMG_5197,4,other_digit,3,Right,Sign-Language-Digits-Dataset\Dataset\4\IMG_5197.JPG,test
4_IMG_5207,4,other_digit,3,Right,Sign-Language-Digits-Dataset\Dataset\4\IMG_5207.JPG,test
4_IMG_5354,4,other_digit,3,Right,Sign-Language-Digits-Dataset\Dataset\4\IMG_5354.JPG,test
4_IMG_5501,4,other_digit,3,Right,Sign-Language-Digits-Dataset\Dataset\4\IMG_5501.JPG,test
4_IMG_5649,4,other_digit,3,Right,Sign-Language-Digits-Dataset\Dataset\4\IMG_5649.JPG,test
4_IMG_5760,4,other_digit,3,Right,Sign-Language-Digits-Dataset\Dataset\4\IMG_5760.JPG,test
4_IMG_5985,4,other_digit,3,Right,Sign-Language-Digits-Dataset\Dataset\4\IMG_5985.JPG,test
5_IMG_1255,5,other_digit,3,Right,Sign-Language-Digits-Dataset\Dataset\5\IMG_1255.JPG,test
5_IMG_1275,5,other_digit,3,Right,Sign-Language-Digits-Dataset\Dataset\5\IMG_1275.JPG,test
5_IMG_1296,5,other_digit,3,Right,Sign-Language-Digits-Dataset\Dataset\5\IMG_1296.JPG,test
5_IMG_4074,5,other_digit,3,Right,Sign-Language-Digits-Dataset\Dataset\5\IMG_4074.JPG,test
5_IMG_4094,5,other_digit,3,Right,Sign-Language-Digits-Dataset\Dataset\5\IMG_4094.JPG,test
5_IMG_4260,5,other_digit,3,Right,Sign-Language-Digits-Dataset\Dataset\5\IMG_4260.JPG,test
5_IMG_4291,5,other_digit,3,Right,Sign-Language-Digits-Dataset\Dataset\5\IMG_4291.JPG,test
5_IMG_4333,5,other_digit,3,Right,Sign-Language-Digits-Dataset\Dataset\5\IMG_4333.JPG,test
5_IMG_4375,5,other_digit,3,Right,Sign-Language-Digits-Dataset\Dataset\5\IMG_4375.JPG,test
5_IMG_4418,5,other_digit,3,Right,Sign-Language-Digits-Dataset\Dataset\5\IMG_4418.JPG,test
5_IMG_4669,5,other_digit,3,Right,Sign-Language-Digits-Dataset\Dataset\5\IMG_4669.JPG,test
5_IMG_4679,5,other_digit,3,Right,Sign-Language-Digits-Dataset\Dataset\5\IMG_4679.JPG,test
5_IMG_4689,5,other_digit,3,Right,Sign-Language-Digits-Dataset\Dataset\5\IMG_4689.JPG,test
5_IMG_4730,5,other_digit,3,Right,Sign-Language-Digits-Dataset\Dataset\5\IMG_4730.JPG,test
5_IMG_4921,5,other_digit,3,Right,Sign-Language-Digits-Dataset\Dataset\5\IMG_4921.JPG,test
5_IMG_5068,5,other_digit,3,Right,Sign-Language-Digits-Dataset\Dataset\5\IMG_5068.JPG,test
5_IMG_5116,5,other_digit,3,Right,Sign-Language-Digits-Dataset\Dataset\5\IMG_5116.JPG,test
5_IMG_5157,5,other_digit,3,Right,Sign-Language-Digits-Dataset\Dataset\5\IMG_5157.JPG,test
5_IMG_5261,5,other_digit,3,Right,Sign-Language-Digits-Dataset\Dataset\5\IMG_5261.JPG,test
5_IMG_5427,5,other_digit,3,Right,Sign-Language-Digits-Dataset\Dataset\5\IMG_5427.JPG,test
5_IMG_5532,5,other_digit,3,Right,Sign-Language-Digits-Dataset\Dataset\5\IMG_5532.JPG,test
5_IMG_5587,5,other_digit,3,Right,Sign-Language-Digits-Dataset\Dataset\5\IMG_5587.JPG,test
5_IMG_5609,5,other_digit,3,Right,Sign-Language-Digits-Dataset\Dataset\5\IMG_5609.JPG,test
5_IMG_5731,5,other_digit,3,Left,Sign-Language-Digits-Dataset\Dataset\5\IMG_5731.JPG,test
5_IMG_5933,5,other_digit,3,Right,Sign-Language-Digits-Dataset\Dataset\5\IMG_5933.JPG,test
6_IMG_1144,6,other_digit,3,Right,Sign-Language-Digits-Dataset\Dataset\6\IMG_1144.JPG,test
6_IMG_1215,6,other_digit,3,Right,Sign-Language-Digits-Dataset\Dataset\6\IMG_1215.JPG,test
6_IMG_1225,6,other_digit,3,Right,Sign-Language-Digits-Dataset\Dataset\6\IMG_1225.JPG,test
6_IMG_4075,6,other_digit,3,Right,Sign-Language-Digits-Dataset\Dataset\6\IMG_4075.JPG,test
6_IMG_4135,6,other_digit,3,Right,Sign-Language-Digits-Dataset\Dataset\6\IMG_4135.JPG,test
6_IMG_4155,6,other_digit,3,Right,Sign-Language-Digits-Dataset\Dataset\6\IMG_4155.JPG,test
6_IMG_4177,6,other_digit,3,Right,Sign-Language-Digits-Dataset\Dataset\6\IMG_4177.JPG,test
6_IMG_4229,6,other_digit,3,Right,Sign-Language-Digits-Dataset\Dataset\6\IMG_4229.JPG,test
6_IMG_4312,6,other_digit,3,Right,Sign-Language-Digits-Dataset\Dataset\6\IMG_4312.JPG,test
6_IMG_4397,6,other_digit,3,Right,Sign-Language-Digits-Dataset\Dataset\6\IMG_4397.JPG,test
6_IMG_4492,6,other_digit,3,Right,Sign-Language-Digits-Dataset\Dataset\6\IMG_4492.JPG,test
6_IMG_4580,6,other_digit,3,Right,Sign-Language-Digits-Dataset\Dataset\6\IMG_4580.JPG,test
6_IMG_4731,6,other_digit,3,Right,Sign-Language-Digits-Dataset\Dataset\6\IMG_4731.JPG,test
6_IMG_4751,6,other_digit,3,Right,Sign-Language-Digits-Dataset\Dataset\6\IMG_4751.JPG,test
6_IMG_4852,6,other_digit,3,Right,Sign-Language-Digits-Dataset\Dataset\6\IMG_4852.JPG,test
6_IMG_4862,6,other_digit,3,Right,Sign-Language-Digits-Dataset\Dataset\6\IMG_4862.JPG,test
6_IMG_4872,6,other_digit,3,Right,Sign-Language-Digits-Dataset\Dataset\6\IMG_4872.JPG,test
6_IMG_4922,6,other_digit,3,Right,Sign-Language-Digits-Dataset\Dataset\6\IMG_4922.JPG,test
6_IMG_4953,6,other_digit,3,Right,Sign-Language-Digits-Dataset\Dataset\6\IMG_4953.JPG,test
6_IMG_5179,6,other_digit,3,Right,Sign-Language-Digits-Dataset\Dataset\6\IMG_5179.JPG,test
6_IMG_5386,6,other_digit,3,Right,Sign-Language-Digits-Dataset\Dataset\6\IMG_5386.JPG,test
6_IMG_5611,6,other_digit,3,Right,Sign-Language-Digits-Dataset\Dataset\6\IMG_5611.JPG,test
6_IMG_5631,6,other_digit,3,Right,Sign-Language-Digits-Dataset\Dataset\6\IMG_5631.JPG,test
6_IMG_5691,6,other_digit,3,Right,Sign-Language-Digits-Dataset\Dataset\6\IMG_5691.JPG,test
6_IMG_5853,6,other_digit,3,Right,Sign-Language-Digits-Dataset\Dataset\6\IMG_5853.JPG,test
6_IMG_5977,6,other_digit,3,Right,Sign-Language-Digits-Dataset\Dataset\6\IMG_5977.JPG,test
7_IMG_1135,7,other_digit,3,Right,Sign-Language-Digits-Dataset\Dataset\7\IMG_1135.JPG,test
7_IMG_1196,7,other_digit,3,Right,Sign-Language-Digits-Dataset\Dataset\7\IMG_1196.JPG,test
7_IMG_1226,7,other_digit,3,Right,Sign-Language-Digits-Dataset\Dataset\7\IMG_1226.JPG,test
7_IMG_1277,7,other_digit,3,Right,Sign-Language-Digits-Dataset\Dataset\7\IMG_1277.JPG,test
7_IMG_1287,7,other_digit,3,Right,Sign-Language-Digits-Dataset\Dataset\7\IMG_1287.JPG,test
7_IMG_4046,7,other_digit,3,Right,Sign-Language-Digits-Dataset\Dataset\7\IMG_4046.JPG,test
7_IMG_4146,7,other_digit,3,Right,Sign-Language-Digits-Dataset\Dataset\7\IMG_4146.JPG,test
7_IMG_4156,7,other_digit,3,Right,Sign-Language-Digits-Dataset\Dataset\7\IMG_4156.JPG,test
7_IMG_4210,7,other_digit,3,Right,Sign-Language-Digits-Dataset\Dataset\7\IMG_4210.JPG,test
7_IMG_4303,7,other_digit,3,Right,Sign-Language-Digits-Dataset\Dataset\7\IMG_4303.JPG,test
7_IMG_4398,7,other_digit,3,Right,Sign-Language-Digits-Dataset\Dataset\7\IMG_4398.JPG,test
7_IMG_4431,7,other_digit,3,Right,Sign-Language-Digits-Dataset\Dataset\7\IMG_4431.JPG,test
7_IMG_4561,7,other_digit,3,Right,Sign-Language-Digits-Dataset\Dataset\7\IMG_4561.JPG,test
7_IMG_4722,7,other_digit,3,Right,Sign-Language-Digits-Dataset\Dataset\7\IMG_4722.JPG,test
7_IMG_4732,7,other_digit,3,Right,Sign-Language-Digits-Dataset\Dataset\7\IMG_4732.JPG,test
7_IMG_4783,7,other_digit,3,Right,Sign-Language-Digits-Dataset\Dataset\7\IMG_4783.JPG,test
7_IMG_4803,7,other_digit,3,Right,Sign-Language-Digits-Dataset\Dataset\7\IMG_4803.JPG,test
7_IMG_4833,7,other_digit,3,Right,Sign-Language-Digits-Dataset\Dataset\7\IMG_4833.JPG,test
7_IMG_4853,7,other_digit,3,Right,Sign-Language-Digits-Dataset\Dataset\7\IMG_4853.JPG,test
7_IMG_4923,7,other_digit,3,Right,Sign-Language-Digits-Dataset\Dataset\7\IMG_4923.JPG,test
7_IMG_4993,7,other_digit,3,Right,Sign-Language-Digits-Dataset\Dataset\7\IMG_4993.JPG,test
7_IMG_5004,7,other_digit,3,Right,Sign-Language-Digits-Dataset\Dataset\7\IMG_5004.JPG,test
7_IMG_5129,7,other_digit,3,Right,Sign-Language-Digits-Dataset\Dataset\7\IMG_5129.JPG,test
7_IMG_5273,7,other_digit,3,Right,Sign-Language-Digits-Dataset\Dataset\7\IMG_5273.JPG,test
7_IMG_5409,7,other_digit,3,Right,Sign-Language-Digits-Dataset\Dataset\7\IMG_5409.JPG,test
7_IMG_5662,7,other_digit,3,Right,Sign-Language-Digits-Dataset\Dataset\7\IMG_5662.JPG,test
7_IMG_5823,7,other_digit,3,Right,Sign-Language-Digits-Dataset\Dataset\7\IMG_5823.JPG,test
7_IMG_5844,7,other_digit,3,Right,Sign-Language-Digits-Dataset\Dataset\7\IMG_5844.JPG,test
7_IMG_5854,7,other_digit,3,Right,Sign-Language-Digits-Dataset\Dataset\7\IMG_5854.JPG,test
7_IMG_5925,7,other_digit,3,Right,Sign-Language-Digits-Dataset\Dataset\7\IMG_5925.JPG,test
7_IMG_5998,7,other_digit,3,Right,Sign-Language-Digits-Dataset\Dataset\7\IMG_5998.JPG,test
8_IMG_1136,8,other_digit,3,Right,Sign-Language-Digits-Dataset\Dataset\8\IMG_1136.JPG,test
8_IMG_1197,8,other_digit,3,Right,Sign-Language-Digits-Dataset\Dataset\8\IMG_1197.JPG,test
8_IMG_1237,8,other_digit,3,Left,Sign-Language-Digits-Dataset\Dataset\8\IMG_1237.JPG,test
8_IMG_1278,8,other_digit,3,Right,Sign-Language-Digits-Dataset\Dataset\8\IMG_1278.JPG,test
8_IMG_4294,8,other_digit,3,Right,Sign-Language-Digits-Dataset\Dataset\8\IMG_4294.JPG,test
8_IMG_4314,8,other_digit,3,Right,Sign-Language-Digits-Dataset\Dataset\8\IMG_4314.JPG,test
8_IMG_4632,8,other_digit,3,Right,Sign-Language-Digits-Dataset\Dataset\8\IMG_4632.JPG,test
8_IMG_4642,8,other_digit,3,Right,Sign-Language-Digits-Dataset\Dataset\8\IMG_4642.JPG,test
8_IMG_4652,8,other_digit,3,Right,Sign-Language-Digits-Dataset\Dataset\8\IMG_4652.JPG,test
8_IMG_4713,8,other_digit,3,Right,Sign-Language-Digits-Dataset\Dataset\8\IMG_4713.JPG,test
8_IMG_4733,8,other_digit,3,Right,Sign-Language-Digits-Dataset\Dataset\8\IMG_4733.JPG,test
8_IMG_4784,8,other_digit,3,Right,Sign-Language-Digits-Dataset\Dataset\8\IMG_4784.JPG,test
8_IMG_4804,8,other_digit,3,Right,Sign-Language-Digits-Dataset\Dataset\8\IMG_4804.JPG,test
8_IMG_4844,8,other_digit,3,Right,Sign-Language-Digits-Dataset\Dataset\8\IMG_4844.JPG,test
8_IMG_4864,8,other_digit,3,Right,Sign-Language-Digits-Dataset\Dataset\8\IMG_4864.JPG,test
8_IMG_4914,8,other_digit,3,Right,Sign-Language-Digits-Dataset\Dataset\8\IMG_4914.JPG,test
8_IMG_4934,8,other_digit,3,Right,Sign-Language-Digits-Dataset\Dataset\8\IMG_4934.JPG,test
8_IMG_5083,8,other_digit,3,Right,Sign-Language-Digits-Dataset\Dataset\8\IMG_5083.JPG,test
8_IMG_5130,8,other_digit,3,Right,Sign-Language-Digits-Dataset\Dataset\8\IMG_5130.JPG,test
8_IMG_5242,8,other_digit,3,Right,Sign-Language-Digits-Dataset\Dataset\8\IMG_5242.JPG,test
8_IMG_5398,8,other_digit,3,Right,Sign-Language-Digits-Dataset\Dataset\8\IMG_5398.JPG,test
8_IMG_5420,8,other_digit,3,Right,Sign-Language-Digits-Dataset\Dataset\8\IMG_5420.JPG,test
8_IMG_5515,8,other_digit,3,Right,Sign-Language-Digits-Dataset\Dataset\8\IMG_5515.JPG,test
8_IMG_5580,8,other_digit,3,Right,Sign-Language-Digits-Dataset\Dataset\8\IMG_5580.JPG,test
8_IMG_5643,8,other_digit,3,Right,Sign-Language-Digits-Dataset\Dataset\8\IMG_5643.JPG,test
8_IMG_5784,8,other_digit,3,Right,Sign-Language-Digits-Dataset\Dataset\8\IMG_5784.JPG,test
8_IMG_5814,8,other_digit,3,Right,Sign-Language-Digits-Dataset\Dataset\8\IMG_5814.JPG,test
8_IMG_5916,8,other_digit,3,Right,Sign-Language-Digits-Dataset\Dataset\8\IMG_5916.JPG,test
8_IMG_5958,8,other_digit,3,Right,Sign-Language-Digits-Dataset\Dataset\8\IMG_5958.JPG,test
9_IMG_1147,9,other_digit,3,Right,Sign-Language-Digits-Dataset\Dataset\9\IMG_1147.JPG,test
9_IMG_1238,9,other_digit,3,Right,Sign-Language-Digits-Dataset\Dataset\9\IMG_1238.JPG,test
9_IMG_4118,9,other_digit,3,Right,Sign-Language-Digits-Dataset\Dataset\9\IMG_4118.JPG,test
9_IMG_4169,9,other_digit,3,Right,Sign-Language-Digits-Dataset\Dataset\9\IMG_4169.JPG,test
9_IMG_4242,9,other_digit,3,Right,Sign-Language-Digits-Dataset\Dataset\9\IMG_4242.JPG,test
9_IMG_4265,9,other_digit,3,Right,Sign-Language-Digits-Dataset\Dataset\9\IMG_4265.JPG,test
9_IMG_4305,9,other_digit,3,Right,Sign-Language-Digits-Dataset\Dataset\9\IMG_4305.JPG,test
9_IMG_4734,9,other_digit,3,Right,Sign-Language-Digits-Dataset\Dataset\9\IMG_4734.JPG,test
9_IMG_4754,9,other_digit,3,Right,Sign-Language-Digits-Dataset\Dataset\9\IMG_4754.JPG,test
9_IMG_4805,9,other_digit,3,Right,Sign-Language-Digits-Dataset\Dataset\9\IMG_4805.JPG,test
9_IMG_4855,9,other_digit,3,Right,Sign-Language-Digits-Dataset\Dataset\9\IMG_4855.JPG,test
9_IMG_4875,9,other_digit,3,Right,Sign-Language-Digits-Dataset\Dataset\9\IMG_4875.JPG,test
9_IMG_4935,9,other_digit,3,Right,Sign-Language-Digits-Dataset\Dataset\9\IMG_4935.JPG,test
9_IMG_5084,9,other_digit,3,Right,Sign-Language-Digits-Dataset\Dataset\9\IMG_5084.JPG,test
9_IMG_5110,9,other_digit,3,Right,Sign-Language-Digits-Dataset\Dataset\9\IMG_5110.JPG,test
9_IMG_5131,9,other_digit,3,Right,Sign-Language-Digits-Dataset\Dataset\9\IMG_5131.JPG,test
9_IMG_5172,9,other_digit,3,Right,Sign-Language-Digits-Dataset\Dataset\9\IMG_5172.JPG,test
9_IMG_5202,9,other_digit,3,Right,Sign-Language-Digits-Dataset\Dataset\9\IMG_5202.JPG,test
9_IMG_5212,9,other_digit,3,Right,Sign-Language-Digits-Dataset\Dataset\9\IMG_5212.JPG,test
9_IMG_5222,9,other_digit,3,Right,Sign-Language-Digits-Dataset\Dataset\9\IMG_5222.JPG,test
9_IMG_5285,9,other_digit,3,Right,Sign-Language-Digits-Dataset\Dataset\9\IMG_5285.JPG,test
9_IMG_5296,9,other_digit,3,Right,Sign-Language-Digits-Dataset\Dataset\9\IMG_5296.JPG,test
9_IMG_5307,9,other_digit,3,Right,Sign-Language-Digits-Dataset\Dataset\9\IMG_5307.JPG,test
9_IMG_5369,9,other_digit,3,Right,Sign-Language-Digits-Dataset\Dataset\9\IMG_5369.JPG,test
9_IMG_5399,9,other_digit,3,Right,Sign-Language-Digits-Dataset\Dataset\9\IMG_5399.JPG,test
9_IMG_5421,9,other_digit,3,Right,Sign-Language-Digits-Dataset\Dataset\9\IMG_5421.JPG,test
9_IMG_5506,9,other_digit,3,Right,Sign-Language-Digits-Dataset\Dataset\9\IMG_5506.JPG,test
9_IMG_5536,9,other_digit,3,Right,Sign-Language-Digits-Dataset\Dataset\9\IMG_5536.JPG,test
9_IMG_5684,9,other_digit,3,Right,Sign-Language-Digits-Dataset\Dataset\9\IMG_5684.JPG,test
9_IMG_5765,9,other_digit,3,Right,Sign-Language-Digits-Dataset\Dataset\9\IMG_5765.JPG,test
9_IMG_5949,9,other_digit,3,Right,Sign-Language-Digits-Dataset\Dataset\9\IMG_5949.JPG,test
1_IMG_1119,1,digit_1,0,Right,Sign-Language-Digits-Dataset\Dataset\1\IMG_1119.JPG,train
1_IMG_1139,1,digit_1,0,Right,Sign-Language-Digits-Dataset\Dataset\1\IMG_1139.JPG,train
1_IMG_1149,1,digit_1,0,Right,Sign-Language-Digits-Dataset\Dataset\1\IMG_1149.JPG,train
1_IMG_1159,1,digit_1,0,Right,Sign-Language-Digits-Dataset\Dataset\1\IMG_1159.JPG,train
1_IMG_1170,1,digit_1,0,Right,Sign-Language-Digits-Dataset\Dataset\1\IMG_1170.JPG,train
1_IMG_1190,1,digit_1,0,Right,Sign-Language-Digits-Dataset\Dataset\1\IMG_1190.JPG,train
1_IMG_1200,1,digit_1,0,Right,Sign-Language-Digits-Dataset\Dataset\1\IMG_1200.JPG,train
1_IMG_1210,1,digit_1,0,Right,Sign-Language-Digits-Dataset\Dataset\1\IMG_1210.JPG,train
1_IMG_1220,1,digit_1,0,Right,Sign-Language-Digits-Dataset\Dataset\1\IMG_1220.JPG,train
1_IMG_1250,1,digit_1,0,Left,Sign-Language-Digits-Dataset\Dataset\1\IMG_1250.JPG,train
1_IMG_1261,1,digit_1,0,Right,Sign-Language-Digits-Dataset\Dataset\1\IMG_1261.JPG,train
1_IMG_1323,1,digit_1,0,Right,Sign-Language-Digits-Dataset\Dataset\1\IMG_1323.JPG,train
1_IMG_4041,1,digit_1,0,Right,Sign-Language-Digits-Dataset\Dataset\1\IMG_4041.JPG,train
1_IMG_4060,1,digit_1,0,Right,Sign-Language-Digits-Dataset\Dataset\1\IMG_4060.JPG,train
1_IMG_4070,1,digit_1,0,Right,Sign-Language-Digits-Dataset\Dataset\1\IMG_4070.JPG,train
1_IMG_4100,1,digit_1,0,Right,Sign-Language-Digits-Dataset\Dataset\1\IMG_4100.JPG,train
1_IMG_4110,1,digit_1,0,Right,Sign-Language-Digits-Dataset\Dataset\1\IMG_4110.JPG,train
1_IMG_4120,1,digit_1,0,Right,Sign-Language-Digits-Dataset\Dataset\1\IMG_4120.JPG,train
1_IMG_4130,1,digit_1,0,Right,Sign-Language-Digits-Dataset\Dataset\1\IMG_4130.JPG,train
1_IMG_4150,1,digit_1,0,Right,Sign-Language-Digits-Dataset\Dataset\1\IMG_4150.JPG,train
1_IMG_4160,1,digit_1,0,Right,Sign-Language-Digits-Dataset\Dataset\1\IMG_4160.JPG,train
1_IMG_4194,1,digit_1,0,Right,Sign-Language-Digits-Dataset\Dataset\1\IMG_4194.JPG,train
1_IMG_4204,1,digit_1,0,Right,Sign-Language-Digits-Dataset\Dataset\1\IMG_4204.JPG,train
1_IMG_4255,1,digit_1,0,Right,Sign-Language-Digits-Dataset\Dataset\1\IMG_4255.JPG,train
1_IMG_4267,1,digit_1,0,Right,Sign-Language-Digits-Dataset\Dataset\1\IMG_4267.JPG,train
1_IMG_4277,1,digit_1,0,Right,Sign-Language-Digits-Dataset\Dataset\1\IMG_4277.JPG,train
1_IMG_4297,1,digit_1,0,Right,Sign-Language-Digits-Dataset\Dataset\1\IMG_4297.JPG,train
1_IMG_4318,1,digit_1,0,Right,Sign-Language-Digits-Dataset\Dataset\1\IMG_4318.JPG,train
1_IMG_4360,1,digit_1,0,Right,Sign-Language-Digits-Dataset\Dataset\1\IMG_4360.JPG,train
1_IMG_4371,1,digit_1,0,Right,Sign-Language-Digits-Dataset\Dataset\1\IMG_4371.JPG,train
1_IMG_4392,1,digit_1,0,Right,Sign-Language-Digits-Dataset\Dataset\1\IMG_4392.JPG,train
1_IMG_4424,1,digit_1,0,Right,Sign-Language-Digits-Dataset\Dataset\1\IMG_4424.JPG,train
1_IMG_4447,1,digit_1,0,Right,Sign-Language-Digits-Dataset\Dataset\1\IMG_4447.JPG,train
1_IMG_4457,1,digit_1,0,Right,Sign-Language-Digits-Dataset\Dataset\1\IMG_4457.JPG,train
1_IMG_4467,1,digit_1,0,Right,Sign-Language-Digits-Dataset\Dataset\1\IMG_4467.JPG,train
1_IMG_4477,1,digit_1,0,Right,Sign-Language-Digits-Dataset\Dataset\1\IMG_4477.JPG,train
1_IMG_4497,1,digit_1,0,Right,Sign-Language-Digits-Dataset\Dataset\1\IMG_4497.JPG,train
1_IMG_4507,1,digit_1,0,Right,Sign-Language-Digits-Dataset\Dataset\1\IMG_4507.JPG,train
1_IMG_4575,1,digit_1,0,Right,Sign-Language-Digits-Dataset\Dataset\1\IMG_4575.JPG,train
1_IMG_4605,1,digit_1,0,Right,Sign-Language-Digits-Dataset\Dataset\1\IMG_4605.JPG,train
1_IMG_4615,1,digit_1,0,Right,Sign-Language-Digits-Dataset\Dataset\1\IMG_4615.JPG,train
1_IMG_4645,1,digit_1,0,Right,Sign-Language-Digits-Dataset\Dataset\1\IMG_4645.JPG,train
1_IMG_4685,1,digit_1,0,Right,Sign-Language-Digits-Dataset\Dataset\1\IMG_4685.JPG,train
1_IMG_4705,1,digit_1,0,Right,Sign-Language-Digits-Dataset\Dataset\1\IMG_4705.JPG,train
1_IMG_4736,1,digit_1,0,Right,Sign-Language-Digits-Dataset\Dataset\1\IMG_4736.JPG,train
1_IMG_4746,1,digit_1,0,Right,Sign-Language-Digits-Dataset\Dataset\1\IMG_4746.JPG,train
1_IMG_4756,1,digit_1,0,Right,Sign-Language-Digits-Dataset\Dataset\1\IMG_4756.JPG,train
1_IMG_4766,1,digit_1,0,Right,Sign-Language-Digits-Dataset\Dataset\1\IMG_4766.JPG,train
1_IMG_4777,1,digit_1,0,Right,Sign-Language-Digits-Dataset\Dataset\1\IMG_4777.JPG,train
1_IMG_4787,1,digit_1,0,Right,Sign-Language-Digits-Dataset\Dataset\1\IMG_4787.JPG,train
1_IMG_4797,1,digit_1,0,Right,Sign-Language-Digits-Dataset\Dataset\1\IMG_4797.JPG,train
1_IMG_4837,1,digit_1,0,Right,Sign-Language-Digits-Dataset\Dataset\1\IMG_4837.JPG,train
1_IMG_4847,1,digit_1,0,Right,Sign-Language-Digits-Dataset\Dataset\1\IMG_4847.JPG,train
1_IMG_4867,1,digit_1,0,Right,Sign-Language-Digits-Dataset\Dataset\1\IMG_4867.JPG,train
1_IMG_4897,1,digit_1,0,Right,Sign-Language-Digits-Dataset\Dataset\1\IMG_4897.JPG,train
1_IMG_4927,1,digit_1,0,Right,Sign-Language-Digits-Dataset\Dataset\1\IMG_4927.JPG,train
1_IMG_4937,1,digit_1,0,Right,Sign-Language-Digits-Dataset\Dataset\1\IMG_4937.JPG,train
1_IMG_4957,1,digit_1,0,Right,Sign-Language-Digits-Dataset\Dataset\1\IMG_4957.JPG,train
1_IMG_4967,1,digit_1,0,Right,Sign-Language-Digits-Dataset\Dataset\1\IMG_4967.JPG,train
1_IMG_4987,1,digit_1,0,Right,Sign-Language-Digits-Dataset\Dataset\1\IMG_4987.JPG,train
1_IMG_4997,1,digit_1,0,Right,Sign-Language-Digits-Dataset\Dataset\1\IMG_4997.JPG,train
1_IMG_5008,1,digit_1,0,Right,Sign-Language-Digits-Dataset\Dataset\1\IMG_5008.JPG,train
1_IMG_5018,1,digit_1,0,Right,Sign-Language-Digits-Dataset\Dataset\1\IMG_5018.JPG,train
1_IMG_5043,1,digit_1,0,Right,Sign-Language-Digits-Dataset\Dataset\1\IMG_5043.JPG,train
1_IMG_5044,1,digit_1,0,Right,Sign-Language-Digits-Dataset\Dataset\1\IMG_5044.JPG,train
1_IMG_5054,1,digit_1,0,Right,Sign-Language-Digits-Dataset\Dataset\1\IMG_5054.JPG,train
1_IMG_5075,1,digit_1,0,Right,Sign-Language-Digits-Dataset\Dataset\1\IMG_5075.JPG,train
1_IMG_5102,1,digit_1,0,Right,Sign-Language-Digits-Dataset\Dataset\1\IMG_5102.JPG,train
1_IMG_5112,1,digit_1,0,Right,Sign-Language-Digits-Dataset\Dataset\1\IMG_5112.JPG,train
1_IMG_5123,1,digit_1,0,Right,Sign-Language-Digits-Dataset\Dataset\1\IMG_5123.JPG,train
1_IMG_5133,1,digit_1,0,Right,Sign-Language-Digits-Dataset\Dataset\1\IMG_5133.JPG,train
1_IMG_5153,1,digit_1,0,Right,Sign-Language-Digits-Dataset\Dataset\1\IMG_5153.JPG,train
1_IMG_5164,1,digit_1,0,Right,Sign-Language-Digits-Dataset\Dataset\1\IMG_5164.JPG,train
1_IMG_5184,1,digit_1,0,Right,Sign-Language-Digits-Dataset\Dataset\1\IMG_5184.JPG,train
1_IMG_5204,1,digit_1,0,Right,Sign-Language-Digits-Dataset\Dataset\1\IMG_5204.JPG,train
1_IMG_5214,1,digit_1,0,Right,Sign-Language-Digits-Dataset\Dataset\1\IMG_5214.JPG,train
1_IMG_5267,1,digit_1,0,Right,Sign-Language-Digits-Dataset\Dataset\1\IMG_5267.JPG,train
1_IMG_5277,1,digit_1,0,Right,Sign-Language-Digits-Dataset\Dataset\1\IMG_5277.JPG,train
1_IMG_5298,1,digit_1,0,Right,Sign-Language-Digits-Dataset\Dataset\1\IMG_5298.JPG,train
1_IMG_5309,1,digit_1,0,Right,Sign-Language-Digits-Dataset\Dataset\1\IMG_5309.JPG,train
1_IMG_5319,1,digit_1,0,Right,Sign-Language-Digits-Dataset\Dataset\1\IMG_5319.JPG,train
1_IMG_5329,1,digit_1,0,Right,Sign-Language-Digits-Dataset\Dataset\1\IMG_5329.JPG,train
1_IMG_5340,1,digit_1,0,Right,Sign-Language-Digits-Dataset\Dataset\1\IMG_5340.JPG,train
1_IMG_5351,1,digit_1,0,Right,Sign-Language-Digits-Dataset\Dataset\1\IMG_5351.JPG,train
1_IMG_5381,1,digit_1,0,Right,Sign-Language-Digits-Dataset\Dataset\1\IMG_5381.JPG,train
1_IMG_5401,1,digit_1,0,Right,Sign-Language-Digits-Dataset\Dataset\1\IMG_5401.JPG,train
1_IMG_5447,1,digit_1,0,Left,Sign-Language-Digits-Dataset\Dataset\1\IMG_5447.JPG,train
1_IMG_5467,1,digit_1,0,Right,Sign-Language-Digits-Dataset\Dataset\1\IMG_5467.JPG,train
1_IMG_5487,1,digit_1,0,Right,Sign-Language-Digits-Dataset\Dataset\1\IMG_5487.JPG,train
1_IMG_5498,1,digit_1,0,Right,Sign-Language-Digits-Dataset\Dataset\1\IMG_5498.JPG,train
1_IMG_5518,1,digit_1,0,Right,Sign-Language-Digits-Dataset\Dataset\1\IMG_5518.JPG,train
1_IMG_5528,1,digit_1,0,Right,Sign-Language-Digits-Dataset\Dataset\1\IMG_5528.JPG,train
1_IMG_5573,1,digit_1,0,Right,Sign-Language-Digits-Dataset\Dataset\1\IMG_5573.JPG,train
1_IMG_5583,1,digit_1,0,Right,Sign-Language-Digits-Dataset\Dataset\1\IMG_5583.JPG,train
1_IMG_5593,1,digit_1,0,Right,Sign-Language-Digits-Dataset\Dataset\1\IMG_5593.JPG,train
1_IMG_5616,1,digit_1,0,Right,Sign-Language-Digits-Dataset\Dataset\1\IMG_5616.JPG,train
1_IMG_5636,1,digit_1,0,Right,Sign-Language-Digits-Dataset\Dataset\1\IMG_5636.JPG,train
1_IMG_5666,1,digit_1,0,Right,Sign-Language-Digits-Dataset\Dataset\1\IMG_5666.JPG,train
1_IMG_5706,1,digit_1,0,Right,Sign-Language-Digits-Dataset\Dataset\1\IMG_5706.JPG,train
1_IMG_5737,1,digit_1,0,Left,Sign-Language-Digits-Dataset\Dataset\1\IMG_5737.JPG,train
1_IMG_5747,1,digit_1,0,Right,Sign-Language-Digits-Dataset\Dataset\1\IMG_5747.JPG,train
1_IMG_5767,1,digit_1,0,Right,Sign-Language-Digits-Dataset\Dataset\1\IMG_5767.JPG,train
1_IMG_5777,1,digit_1,0,Right,Sign-Language-Digits-Dataset\Dataset\1\IMG_5777.JPG,train
1_IMG_5787,1,digit_1,0,Right,Sign-Language-Digits-Dataset\Dataset\1\IMG_5787.JPG,train
1_IMG_5797,1,digit_1,0,Right,Sign-Language-Digits-Dataset\Dataset\1\IMG_5797.JPG,train
1_IMG_5807,1,digit_1,0,Right,Sign-Language-Digits-Dataset\Dataset\1\IMG_5807.JPG,train
1_IMG_5827,1,digit_1,0,Right,Sign-Language-Digits-Dataset\Dataset\1\IMG_5827.JPG,train
1_IMG_5878,1,digit_1,0,Right,Sign-Language-Digits-Dataset\Dataset\1\IMG_5878.JPG,train
1_IMG_5888,1,digit_1,0,Right,Sign-Language-Digits-Dataset\Dataset\1\IMG_5888.JPG,train
1_IMG_5898,1,digit_1,0,Right,Sign-Language-Digits-Dataset\Dataset\1\IMG_5898.JPG,train
1_IMG_5908,1,digit_1,0,Right,Sign-Language-Digits-Dataset\Dataset\1\IMG_5908.JPG,train
1_IMG_5919,1,digit_1,0,Right,Sign-Language-Digits-Dataset\Dataset\1\IMG_5919.JPG,train
1_IMG_5961,1,digit_1,0,Right,Sign-Language-Digits-Dataset\Dataset\1\IMG_5961.JPG,train
1_IMG_5972,1,digit_1,0,Right,Sign-Language-Digits-Dataset\Dataset\1\IMG_5972.JPG,train
1_IMG_5982,1,digit_1,0,Right,Sign-Language-Digits-Dataset\Dataset\1\IMG_5982.JPG,train
1_IMG_5992,1,digit_1,0,Left,Sign-Language-Digits-Dataset\Dataset\1\IMG_5992.JPG,train
2_IMG_1120,2,digit_2,1,Right,Sign-Language-Digits-Dataset\Dataset\2\IMG_1120.JPG,train
2_IMG_1140,2,digit_2,1,Right,Sign-Language-Digits-Dataset\Dataset\2\IMG_1140.JPG,train
2_IMG_1150,2,digit_2,1,Right,Sign-Language-Digits-Dataset\Dataset\2\IMG_1150.JPG,train
2_IMG_1160,2,digit_2,1,Right,Sign-Language-Digits-Dataset\Dataset\2\IMG_1160.JPG,train
2_IMG_1171,2,digit_2,1,Right,Sign-Language-Digits-Dataset\Dataset\2\IMG_1171.JPG,train
2_IMG_1181,2,digit_2,1,Right,Sign-Language-Digits-Dataset\Dataset\2\IMG_1181.JPG,train
2_IMG_1201,2,digit_2,1,Right,Sign-Language-Digits-Dataset\Dataset\2\IMG_1201.JPG,train
2_IMG_1221,2,digit_2,1,Right,Sign-Language-Digits-Dataset\Dataset\2\IMG_1221.JPG,train
2_IMG_1231,2,digit_2,1,Right,Sign-Language-Digits-Dataset\Dataset\2\IMG_1231.JPG,train
2_IMG_1241,2,digit_2,1,Right,Sign-Language-Digits-Dataset\Dataset\2\IMG_1241.JPG,train
2_IMG_1314,2,digit_2,1,Right,Sign-Language-Digits-Dataset\Dataset\2\IMG_1314.JPG,train
2_IMG_1324,2,digit_2,1,Right,Sign-Language-Digits-Dataset\Dataset\2\IMG_1324.JPG,train
2_IMG_4071,2,digit_2,1,Right,Sign-Language-Digits-Dataset\Dataset\2\IMG_4071.JPG,train
2_IMG_4081,2,digit_2,1,Right,Sign-Language-Digits-Dataset\Dataset\2\IMG_4081.JPG,train
2_IMG_4121,2,digit_2,1,Right,Sign-Language-Digits-Dataset\Dataset\2\IMG_4121.JPG,train
2_IMG_4161,2,digit_2,1,Right,Sign-Language-Digits-Dataset\Dataset\2\IMG_4161.JPG,train
2_IMG_4173,2,digit_2,1,Right,Sign-Language-Digits-Dataset\Dataset\2\IMG_4173.JPG,train
2_IMG_4195,2,digit_2,1,Right,Sign-Language-Digits-Dataset\Dataset\2\IMG_4195.JPG,train
2_IMG_4205,2,digit_2,1,Right,Sign-Language-Digits-Dataset\Dataset\2\IMG_4205.JPG,train
2_IMG_4215,2,digit_2,1,Right,Sign-Language-Digits-Dataset\Dataset\2\IMG_4215.JPG,train
2_IMG_4225,2,digit_2,1,Right,Sign-Language-Digits-Dataset\Dataset\2\IMG_4225.JPG,train
2_IMG_4235,2,digit_2,1,Right,Sign-Language-Digits-Dataset\Dataset\2\IMG_4235.JPG,train
2_IMG_4268,2,digit_2,1,Right,Sign-Language-Digits-Dataset\Dataset\2\IMG_4268.JPG,train
2_IMG_4278,2,digit_2,1,Right,Sign-Language-Digits-Dataset\Dataset\2\IMG_4278.JPG,train
2_IMG_4288,2,digit_2,1,Right,Sign-Language-Digits-Dataset\Dataset\2\IMG_4288.JPG,train
2_IMG_4308,2,digit_2,1,Right,Sign-Language-Digits-Dataset\Dataset\2\IMG_4308.JPG,train
2_IMG_4330,2,digit_2,1,Right,Sign-Language-Digits-Dataset\Dataset\2\IMG_4330.JPG,train
2_IMG_4340,2,digit_2,1,Right,Sign-Language-Digits-Dataset\Dataset\2\IMG_4340.JPG,train
2_IMG_4350,2,digit_2,1,Right,Sign-Language-Digits-Dataset\Dataset\2\IMG_4350.JPG,train
2_IMG_4361,2,digit_2,1,Right,Sign-Language-Digits-Dataset\Dataset\2\IMG_4361.JPG,train
2_IMG_4372,2,digit_2,1,Right,Sign-Language-Digits-Dataset\Dataset\2\IMG_4372.JPG,train
2_IMG_4425,2,digit_2,1,Left,Sign-Language-Digits-Dataset\Dataset\2\IMG_4425.JPG,train
2_IMG_4448,2,digit_2,1,Right,Sign-Language-Digits-Dataset\Dataset\2\IMG_4448.JPG,train
2_IMG_4458,2,digit_2,1,Right,Sign-Language-Digits-Dataset\Dataset\2\IMG_4458.JPG,train
2_IMG_4468,2,digit_2,1,Right,Sign-Language-Digits-Dataset\Dataset\2\IMG_4468.JPG,train
2_IMG_4488,2,digit_2,1,Right,Sign-Language-Digits-Dataset\Dataset\2\IMG_4488.JPG,train
2_IMG_4498,2,digit_2,1,Right,Sign-Language-Digits-Dataset\Dataset\2\IMG_4498.JPG,train
2_IMG_4508,2,digit_2,1,Right,Sign-Language-Digits-Dataset\Dataset\2\IMG_4508.JPG,train
2_IMG_4535,2,digit_2,1,Right,Sign-Language-Digits-Dataset\Dataset\2\IMG_4535.JPG,train
2_IMG_4545,2,digit_2,1,Right,Sign-Language-Digits-Dataset\Dataset\2\IMG_4545.JPG,train
2_IMG_4596,2,digit_2,1,Right,Sign-Language-Digits-Dataset\Dataset\2\IMG_4596.JPG,train
2_IMG_4616,2,digit_2,1,Right,Sign-Language-Digits-Dataset\Dataset\2\IMG_4616.JPG,train
2_IMG_4626,2,digit_2,1,Right,Sign-Language-Digits-Dataset\Dataset\2\IMG_4626.JPG,train
2_IMG_4686,2,digit_2,1,Right,Sign-Language-Digits-Dataset\Dataset\2\IMG_4686.JPG,train
2_IMG_4706,2,digit_2,1,Right,Sign-Language-Digits-Dataset\Dataset\2\IMG_4706.JPG,train
2_IMG_4737,2,digit_2,1,Right,Sign-Language-Digits-Dataset\Dataset\2\IMG_4737.JPG,train
2_IMG_4747,2,digit_2,1,Right,Sign-Language-Digits-Dataset\Dataset\2\IMG_4747.JPG,train
2_IMG_4767,2,digit_2,1,Right,Sign-Language-Digits-Dataset\Dataset\2\IMG_4767.JPG,train
2_IMG_4778,2,digit_2,1,Right,Sign-Language-Digits-Dataset\Dataset\2\IMG_4778.JPG,train
2_IMG_4788,2,digit_2,1,Right,Sign-Language-Digits-Dataset\Dataset\2\IMG_4788.JPG,train
2_IMG_4828,2,digit_2,1,Right,Sign-Language-Digits-Dataset\Dataset\2\IMG_4828.JPG,train
2_IMG_4838,2,digit_2,1,Right,Sign-Language-Digits-Dataset\Dataset\2\IMG_4838.JPG,train
2_IMG_4848,2,digit_2,1,Right,Sign-Language-Digits-Dataset\Dataset\2\IMG_4848.JPG,train
2_IMG_4858,2,digit_2,1,Left,Sign-Language-Digits-Dataset\Dataset\2\IMG_4858.JPG,train
2_IMG_4868,2,digit_2,1,Right,Sign-Language-Digits-Dataset\Dataset\2\IMG_4868.JPG,train
2_IMG_4908,2,digit_2,1,Right,Sign-Language-Digits-Dataset\Dataset\2\IMG_4908.JPG,train
2_IMG_4928,2,digit_2,1,Right,Sign-Language-Digits-Dataset\Dataset\2\IMG_4928.JPG,train
2_IMG_4958,2,digit_2,1,Left,Sign-Language-Digits-Dataset\Dataset\2\IMG_4958.JPG,train
2_IMG_4998,2,digit_2,1,Right,Sign-Language-Digits-Dataset\Dataset\2\IMG_4998.JPG,train
2_IMG_5009,2,digit_2,1,Right,Sign-Language-Digits-Dataset\Dataset\2\IMG_5009.JPG,train
2_IMG_5019,2,digit_2,1,Right,Sign-Language-Digits-Dataset\Dataset\2\IMG_5019.JPG,train
2_IMG_5055,2,digit_2,1,Right,Sign-Language-Digits-Dataset\Dataset\2\IMG_5055.JPG,train
2_IMG_5076,2,digit_2,1,Right,Sign-Language-Digits-Dataset\Dataset\2\IMG_5076.JPG,train
2_IMG_5113,2,digit_2,1,Right,Sign-Language-Digits-Dataset\Dataset\2\IMG_5113.JPG,train
2_IMG_5154,2,digit_2,1,Right,Sign-Language-Digits-Dataset\Dataset\2\IMG_5154.JPG,train
2_IMG_5174,2,digit_2,1,Right,Sign-Language-Digits-Dataset\Dataset\2\IMG_5174.JPG,train
2_IMG_5176,2,digit_2,1,Right,Sign-Language-Digits-Dataset\Dataset\2\IMG_5176.JPG,train
2_IMG_5185,2,digit_2,1,Right,Sign-Language-Digits-Dataset\Dataset\2\IMG_5185.JPG,train
2_IMG_5195,2,digit_2,1,Right,Sign-Language-Digits-Dataset\Dataset\2\IMG_5195.JPG,train
2_IMG_5205,2,digit_2,1,Right,Sign-Language-Digits-Dataset\Dataset\2\IMG_5205.JPG,train
2_IMG_5215,2,digit_2,1,Right,Sign-Language-Digits-Dataset\Dataset\2\IMG_5215.JPG,train
2_IMG_5225,2,digit_2,1,Right,Sign-Language-Digits-Dataset\Dataset\2\IMG_5225.JPG,train
2_IMG_5246,2,digit_2,1,Right,Sign-Language-Digits-Dataset\Dataset\2\IMG_5246.JPG,train
2_IMG_5257,2,digit_2,1,Right,Sign-Language-Digits-Dataset\Dataset\2\IMG_5257.JPG,train
2_IMG_5268,2,digit_2,1,Right,Sign-Language-Digits-Dataset\Dataset\2\IMG_5268.JPG,train
2_IMG_5278,2,digit_2,1,Right,Sign-Language-Digits-Dataset\Dataset\2\IMG_5278.JPG,train
2_IMG_5288,2,digit_2,1,Right,Sign-Language-Digits-Dataset\Dataset\2\IMG_5288.JPG,train
2_IMG_5299,2,digit_2,1,Right,Sign-Language-Digits-Dataset\Dataset\2\IMG_5299.JPG,train
2_IMG_5330,2,digit_2,1,Right,Sign-Language-Digits-Dataset\Dataset\2\IMG_5330.JPG,train
2_IMG_5342,2,digit_2,1,Right,Sign-Language-Digits-Dataset\Dataset\2\IMG_5342.JPG,train
2_IMG_5372,2,digit_2,1,Right,Sign-Language-Digits-Dataset\Dataset\2\IMG_5372.JPG,train
2_IMG_5382,2,digit_2,1,Right,Sign-Language-Digits-Dataset\Dataset\2\IMG_5382.JPG,train
2_IMG_5392,2,digit_2,1,Right,Sign-Language-Digits-Dataset\Dataset\2\IMG_5392.JPG,train
2_IMG_5402,2,digit_2,1,Left,Sign-Language-Digits-Dataset\Dataset\2\IMG_5402.JPG,train
2_IMG_5414,2,digit_2,1,Right,Sign-Language-Digits-Dataset\Dataset\2\IMG_5414.JPG,train
2_IMG_5424,2,digit_2,1,Right,Sign-Language-Digits-Dataset\Dataset\2\IMG_5424.JPG,train
2_IMG_5509,2,digit_2,1,Right,Sign-Language-Digits-Dataset\Dataset\2\IMG_5509.JPG,train
2_IMG_5529,2,digit_2,1,Right,Sign-Language-Digits-Dataset\Dataset\2\IMG_5529.JPG,train
2_IMG_5539,2,digit_2,1,Right,Sign-Language-Digits-Dataset\Dataset\2\IMG_5539.JPG,train
2_IMG_5564,2,digit_2,1,Right,Sign-Language-Digits-Dataset\Dataset\2\IMG_5564.JPG,train
2_IMG_5584,2,digit_2,1,Right,Sign-Language-Digits-Dataset\Dataset\2\IMG_5584.JPG,train
2_IMG_5594,2,digit_2,1,Right,Sign-Language-Digits-Dataset\Dataset\2\IMG_5594.JPG,train
2_IMG_5605,2,digit_2,1,Right,Sign-Language-Digits-Dataset\Dataset\2\IMG_5605.JPG,train
2_IMG_5617,2,digit_2,1,Right,Sign-Language-Digits-Dataset\Dataset\2\IMG_5617.JPG,train
2_IMG_5637,2,digit_2,1,Right,Sign-Language-Digits-Dataset\Dataset\2\IMG_5637.JPG,train
2_IMG_5657,2,digit_2,1,Right,Sign-Language-Digits-Dataset\Dataset\2\IMG_5657.JPG,train
2_IMG_5667,2,digit_2,1,Right,Sign-Language-Digits-Dataset\Dataset\2\IMG_5667.JPG,train
2_IMG_5677,2,digit_2,1,Right,Sign-Language-Digits-Dataset\Dataset\2\IMG_5677.JPG,train
2_IMG_5707,2,digit_2,1,Right,Sign-Language-Digits-Dataset\Dataset\2\IMG_5707.JPG,train
2_IMG_5748,2,digit_2,1,Right,Sign-Language-Digits-Dataset\Dataset\2\IMG_5748.JPG,train
2_IMG_5768,2,digit_2,1,Right,Sign-Language-Digits-Dataset\Dataset\2\IMG_5768.JPG,train
2_IMG_5788,2,digit_2,1,Right,Sign-Language-Digits-Dataset\Dataset\2\IMG_5788.JPG,train
2_IMG_5808,2,digit_2,1,Right,Sign-Language-Digits-Dataset\Dataset\2\IMG_5808.JPG,train
2_IMG_5828,2,digit_2,1,Right,Sign-Language-Digits-Dataset\Dataset\2\IMG_5828.JPG,train
2_IMG_5849,2,digit_2,1,Right,Sign-Language-Digits-Dataset\Dataset\2\IMG_5849.JPG,train
2_IMG_5869,2,digit_2,1,Right,Sign-Language-Digits-Dataset\Dataset\2\IMG_5869.JPG,train
2_IMG_5889,2,digit_2,1,Right,Sign-Language-Digits-Dataset\Dataset\2\IMG_5889.JPG,train
2_IMG_5899,2,digit_2,1,Right,Sign-Language-Digits-Dataset\Dataset\2\IMG_5899.JPG,train
2_IMG_5962,2,digit_2,1,Right,Sign-Language-Digits-Dataset\Dataset\2\IMG_5962.JPG,train
2_IMG_5993,2,digit_2,1,Left,Sign-Language-Digits-Dataset\Dataset\2\IMG_5993.JPG,train
3_IMG_1121,3,digit_3,2,Right,Sign-Language-Digits-Dataset\Dataset\3\IMG_1121.JPG,train
3_IMG_1151,3,digit_3,2,Right,Sign-Language-Digits-Dataset\Dataset\3\IMG_1151.JPG,train
3_IMG_1161,3,digit_3,2,Right,Sign-Language-Digits-Dataset\Dataset\3\IMG_1161.JPG,train
3_IMG_1192,3,digit_3,2,Right,Sign-Language-Digits-Dataset\Dataset\3\IMG_1192.JPG,train
3_IMG_1212,3,digit_3,2,Right,Sign-Language-Digits-Dataset\Dataset\3\IMG_1212.JPG,train
3_IMG_1232,3,digit_3,2,Right,Sign-Language-Digits-Dataset\Dataset\3\IMG_1232.JPG,train
3_IMG_1242,3,digit_3,2,Right,Sign-Language-Digits-Dataset\Dataset\3\IMG_1242.JPG,train
3_IMG_1283,3,digit_3,2,Right,Sign-Language-Digits-Dataset\Dataset\3\IMG_1283.JPG,train
3_IMG_1325,3,digit_3,2,Right,Sign-Language-Digits-Dataset\Dataset\3\IMG_1325.JPG,train
3_IMG_4043,3,digit_3,2,Right,Sign-Language-Digits-Dataset\Dataset\3\IMG_4043.JPG,train
3_IMG_4052,3,digit_3,2,Right,Sign-Language-Digits-Dataset\Dataset\3\IMG_4052.JPG,train
3_IMG_4072,3,digit_3,2,Right,Sign-Language-Digits-Dataset\Dataset\3\IMG_4072.JPG,train
3_IMG_4092,3,digit_3,2,Right,Sign-Language-Digits-Dataset\Dataset\3\IMG_4092.JPG,train
3_IMG_4102,3,digit_3,2,Right,Sign-Language-Digits-Dataset\Dataset\3\IMG_4102.JPG,train
3_IMG_4122,3,digit_3,2,Right,Sign-Language-Digits-Dataset\Dataset\3\IMG_4122.JPG,train
3_IMG_4142,3,digit_3,2,Right,Sign-Language-Digits-Dataset\Dataset\3\IMG_4142.JPG,train
3_IMG_4152,3,digit_3,2,Right,Sign-Language-Digits-Dataset\Dataset\3\IMG_4152.JPG,train
3_IMG_4162,3,digit_3,2,Right,Sign-Language-Digits-Dataset\Dataset\3\IMG_4162.JPG,train
3_IMG_4174,3,digit_3,2,Right,Sign-Language-Digits-Dataset\Dataset\3\IMG_4174.JPG,train
3_IMG_4184,3,digit_3,2,Right,Sign-Language-Digits-Dataset\Dataset\3\IMG_4184.JPG,train
3_IMG_4196,3,digit_3,2,Right,Sign-Language-Digits-Dataset\Dataset\3\IMG_4196.JPG,train
3_IMG_4206,3,digit_3,2,Right,Sign-Language-Digits-Dataset\Dataset\3\IMG_4206.JPG,train
3_IMG_4216,3,digit_3,2,Right,Sign-Language-Digits-Dataset\Dataset\3\IMG_4216.JPG,train
3_IMG_4247,3,digit_3,2,Right,Sign-Language-Digits-Dataset\Dataset\3\IMG_4247.JPG,train
3_IMG_4269,3,digit_3,2,Right,Sign-Language-Digits-Dataset\Dataset\3\IMG_4269.JPG,train
3_IMG_4279,3,digit_3,2,Right,Sign-Language-Digits-Dataset\Dataset\3\IMG_4279.JPG,train
3_IMG_4289,3,digit_3,2,Right,Sign-Language-Digits-Dataset\Dataset\3\IMG_4289.JPG,train
3_IMG_4299,3,digit_3,2,Right,Sign-Language-Digits-Dataset\Dataset\3\IMG_4299.JPG,train
3_IMG_4309,3,digit_3,2,Right,Sign-Language-Digits-Dataset\Dataset\3\IMG_4309.JPG,train
3_IMG_4331,3,digit_3,2,Right,Sign-Language-Digits-Dataset\Dataset\3\IMG_4331.JPG,train
3_IMG_4341,3,digit_3,2,Right,Sign-Language-Digits-Dataset\Dataset\3\IMG_4341.JPG,train
3_IMG_4362,3,digit_3,2,Right,Sign-Language-Digits-Dataset\Dataset\3\IMG_4362.JPG,train
3_IMG_4373,3,digit_3,2,Right,Sign-Language-Digits-Dataset\Dataset\3\IMG_4373.JPG,train
3_IMG_4384,3,digit_3,2,Right,Sign-Language-Digits-Dataset\Dataset\3\IMG_4384.JPG,train
3_IMG_4406,3,digit_3,2,Right,Sign-Language-Digits-Dataset\Dataset\3\IMG_4406.JPG,train
3_IMG_4416,3,digit_3,2,Right,Sign-Language-Digits-Dataset\Dataset\3\IMG_4416.JPG,train
3_IMG_4449,3,digit_3,2,Right,Sign-Language-Digits-Dataset\Dataset\3\IMG_4449.JPG,train
3_IMG_4459,3,digit_3,2,Right,Sign-Language-Digits-Dataset\Dataset\3\IMG_4459.JPG,train
3_IMG_4469,3,digit_3,2,Right,Sign-Language-Digits-Dataset\Dataset\3\IMG_4469.JPG,train
3_IMG_4479,3,digit_3,2,Right,Sign-Language-Digits-Dataset\Dataset\3\IMG_4479.JPG,train
3_IMG_4489,3,digit_3,2,Right,Sign-Language-Digits-Dataset\Dataset\3\IMG_4489.JPG,train
3_IMG_4509,3,digit_3,2,Right,Sign-Language-Digits-Dataset\Dataset\3\IMG_4509.JPG,train
3_IMG_4536,3,digit_3,2,Right,Sign-Language-Digits-Dataset\Dataset\3\IMG_4536.JPG,train
3_IMG_4547,3,digit_3,2,Right,Sign-Language-Digits-Dataset\Dataset\3\IMG_4547.JPG,train
3_IMG_4557,3,digit_3,2,Right,Sign-Language-Digits-Dataset\Dataset\3\IMG_4557.JPG,train
3_IMG_4577,3,digit_3,2,Right,Sign-Language-Digits-Dataset\Dataset\3\IMG_4577.JPG,train
3_IMG_4597,3,digit_3,2,Right,Sign-Language-Digits-Dataset\Dataset\3\IMG_4597.JPG,train
3_IMG_4607,3,digit_3,2,Right,Sign-Language-Digits-Dataset\Dataset\3\IMG_4607.JPG,train
3_IMG_4617,3,digit_3,2,Right,Sign-Language-Digits-Dataset\Dataset\3\IMG_4617.JPG,train
3_IMG_4637,3,digit_3,2,Right,Sign-Language-Digits-Dataset\Dataset\3\IMG_4637.JPG,train
3_IMG_4647,3,digit_3,2,Right,Sign-Language-Digits-Dataset\Dataset\3\IMG_4647.JPG,train
3_IMG_4677,3,digit_3,2,Right,Sign-Language-Digits-Dataset\Dataset\3\IMG_4677.JPG,train
3_IMG_4687,3,digit_3,2,Right,Sign-Language-Digits-Dataset\Dataset\3\IMG_4687.JPG,train
3_IMG_4697,3,digit_3,2,Right,Sign-Language-Digits-Dataset\Dataset\3\IMG_4697.JPG,train
3_IMG_4708,3,digit_3,2,Right,Sign-Language-Digits-Dataset\Dataset\3\IMG_4708.JPG,train
3_IMG_4748,3,digit_3,2,Right,Sign-Language-Digits-Dataset\Dataset\3\IMG_4748.JPG,train
3_IMG_4758,3,digit_3,2,Right,Sign-Language-Digits-Dataset\Dataset\3\IMG_4758.JPG,train
3_IMG_4779,3,digit_3,2,Right,Sign-Language-Digits-Dataset\Dataset\3\IMG_4779.JPG,train
3_IMG_4789,3,digit_3,2,Right,Sign-Language-Digits-Dataset\Dataset\3\IMG_4789.JPG,train
3_IMG_4799,3,digit_3,2,Right,Sign-Language-Digits-Dataset\Dataset\3\IMG_4799.JPG,train
3_IMG_4829,3,digit_3,2,Right,Sign-Language-Digits-Dataset\Dataset\3\IMG_4829.JPG,train
3_IMG_4839,3,digit_3,2,Right,Sign-Language-Digits-Dataset\Dataset\3\IMG_4839.JPG,train
3_IMG_4849,3,digit_3,2,Right,Sign-Language-Digits-Dataset\Dataset\3\IMG_4849.JPG,train
3_IMG_4869,3,digit_3,2,Right,Sign-Language-Digits-Dataset\Dataset\3\IMG_4869.JPG,train
3_IMG_4879,3,digit_3,2,Right,Sign-Language-Digits-Dataset\Dataset\3\IMG_4879.JPG,train
3_IMG_4899,3,digit_3,2,Right,Sign-Language-Digits-Dataset\Dataset\3\IMG_4899.JPG,train
3_IMG_4909,3,digit_3,2,Right,Sign-Language-Digits-Dataset\Dataset\3\IMG_4909.JPG,train
3_IMG_4919,3,digit_3,2,Right,Sign-Language-Digits-Dataset\Dataset\3\IMG_4919.JPG,train
3_IMG_4939,3,digit_3,2,Right,Sign-Language-Digits-Dataset\Dataset\3\IMG_4939.JPG,train
3_IMG_4959,3,digit_3,2,Right,Sign-Language-Digits-Dataset\Dataset\3\IMG_4959.JPG,train
3_IMG_4989,3,digit_3,2,Right,Sign-Language-Digits-Dataset\Dataset\3\IMG_4989.JPG,train
3_IMG_4999,3,digit_3,2,Right,Sign-Language-Digits-Dataset\Dataset\3\IMG_4999.JPG,train
3_IMG_5010,3,digit_3,2,Right,Sign-Language-Digits-Dataset\Dataset\3\IMG_5010.JPG,train
3_IMG_5020,3,digit_3,2,Right,Sign-Language-Digits-Dataset\Dataset\3\IMG_5020.JPG,train
3_IMG_5046,3,digit_3,2,Right,Sign-Language-Digits-Dataset\Dataset\3\IMG_5046.JPG,train
3_IMG_5056,3,digit_3,2,Right,Sign-Language-Digits-Dataset\Dataset\3\IMG_5056.JPG,train
3_IMG_5066,3,digit_3,2,Right,Sign-Language-Digits-Dataset\Dataset\3\IMG_5066.JPG,train
3_IMG_5078,3,digit_3,2,Right,Sign-Language-Digits-Dataset\Dataset\3\IMG_5078.JPG,train
3_IMG_5104,3,digit_3,2,Right,Sign-Language-Digits-Dataset\Dataset\3\IMG_5104.JPG,train
3_IMG_5114,3,digit_3,2,Right,Sign-Language-Digits-Dataset\Dataset\3\IMG_5114.JPG,train
3_IMG_5166,3,digit_3,2,Right,Sign-Language-Digits-Dataset\Dataset\3\IMG_5166.JPG,train
3_IMG_5196,3,digit_3,2,Right,Sign-Language-Digits-Dataset\Dataset\3\IMG_5196.JPG,train
3_IMG_5206,3,digit_3,2,Right,Sign-Language-Digits-Dataset\Dataset\3\IMG_5206.JPG,train
3_IMG_5216,3,digit_3,2,Right,Sign-Language-Digits-Dataset\Dataset\3\IMG_5216.JPG,train
3_IMG_5248,3,digit_3,2,Right,Sign-Language-Digits-Dataset\Dataset\3\IMG_5248.JPG,train
3_IMG_5258,3,digit_3,2,Right,Sign-Language-Digits-Dataset\Dataset\3\IMG_5258.JPG,train
3_IMG_5279,3,digit_3,2,Right,Sign-Language-Digits-Dataset\Dataset\3\IMG_5279.JPG,train
3_IMG_5289,3,digit_3,2,Right,Sign-Language-Digits-Dataset\Dataset\3\IMG_5289.JPG,train
3_IMG_5300,3,digit_3,2,Right,Sign-Language-Digits-Dataset\Dataset\3\IMG_5300.JPG,train
3_IMG_5321,3,digit_3,2,Right,Sign-Language-Digits-Dataset\Dataset\3\IMG_5321.JPG,train
3_IMG_5331,3,digit_3,2,Right,Sign-Language-Digits-Dataset\Dataset\3\IMG_5331.JPG,train
3_IMG_5343,3,digit_3,2,Right,Sign-Language-Digits-Dataset\Dataset\3\IMG_5343.JPG,train
3_IMG_5353,3,digit_3,2,Right,Sign-Language-Digits-Dataset\Dataset\3\IMG_5353.JPG,train
3_IMG_5363,3,digit_3,2,Right,Sign-Language-Digits-Dataset\Dataset\3\IMG_5363.JPG,train
3_IMG_5383,3,digit_3,2,Right,Sign-Language-Digits-Dataset\Dataset\3\IMG_5383.JPG,train
3_IMG_5403,3,digit_3,2,Right,Sign-Language-Digits-Dataset\Dataset\3\IMG_5403.JPG,train
3_IMG_5415,3,digit_3,2,Right,Sign-Language-Digits-Dataset\Dataset\3\IMG_5415.JPG,train
3_IMG_5425,3,digit_3,2,Right,Sign-Language-Digits-Dataset\Dataset\3\IMG_5425.JPG,train
3_IMG_5449,3,digit_3,2,Right,Sign-Language-Digits-Dataset\Dataset\3\IMG_5449.JPG,train
3_IMG_5459,3,digit_3,2,Right,Sign-Language-Digits-Dataset\Dataset\3\IMG_5459.JPG,train
3_IMG_5469,3,digit_3,2,Right,Sign-Language-Digits-Dataset\Dataset\3\IMG_5469.JPG,train
3_IMG_5479,3,digit_3,2,Right,Sign-Language-Digits-Dataset\Dataset\3\IMG_5479.JPG,train
3_IMG_5500,3,digit_3,2,Right,Sign-Language-Digits-Dataset\Dataset\3\IMG_5500.JPG,train
3_IMG_5510,3,digit_3,2,Right,Sign-Language-Digits-Dataset\Dataset\3\IMG_5510.JPG,train
3_IMG_5520,3,digit_3,2,Right,Sign-Language-Digits-Dataset\Dataset\3\IMG_5520.JPG,train
3_IMG_5530,3,digit_3,2,Right,Sign-Language-Digits-Dataset\Dataset\3\IMG_5530.JPG,train
3_IMG_5540,3,digit_3,2,Right,Sign-Language-Digits-Dataset\Dataset\3\IMG_5540.JPG,train
3_IMG_5555,3,digit_3,2,Right,Sign-Language-Digits-Dataset\Dataset\3\IMG_5555.JPG,train
3_IMG_5565,3,digit_3,2,Right,Sign-Language-Digits-Dataset\Dataset\3\IMG_5565.JPG,train
3_IMG_5575,3,digit_3,2,Right,Sign-Language-Digits-Dataset\Dataset\3\IMG_5575.JPG,train
3_IMG_5585,3,digit_3,2,Right,Sign-Language-Digits-Dataset\Dataset\3\IMG_5585.JPG,train
3_IMG_5595,3,digit_3,2,Right,Sign-Language-Digits-Dataset\Dataset\3\IMG_5595.JPG,train
3_IMG_5607,3,digit_3,2,Right,Sign-Language-Digits-Dataset\Dataset\3\IMG_5607.JPG,train
3_IMG_5618,3,digit_3,2,Right,Sign-Language-Digits-Dataset\Dataset\3\IMG_5618.JPG,train
3_IMG_5638,3,digit_3,2,Right,Sign-Language-Digits-Dataset\Dataset\3\IMG_5638.JPG,train
3_IMG_5658,3,digit_3,2,Right,Sign-Language-Digits-Dataset\Dataset\3\IMG_5658.JPG,train
3_IMG_5668,3,digit_3,2,Right,Sign-Language-Digits-Dataset\Dataset\3\IMG_5668.JPG,train
3_IMG_5678,3,digit_3,2,Right,Sign-Language-Digits-Dataset\Dataset\3\IMG_5678.JPG,train
3_IMG_5688,3,digit_3,2,Right,Sign-Language-Digits-Dataset\Dataset\3\IMG_5688.JPG,train
3_IMG_5698,3,digit_3,2,Right,Sign-Language-Digits-Dataset\Dataset\3\IMG_5698.JPG,train
3_IMG_5719,3,digit_3,2,Right,Sign-Language-Digits-Dataset\Dataset\3\IMG_5719.JPG,train
3_IMG_5739,3,digit_3,2,Right,Sign-Language-Digits-Dataset\Dataset\3\IMG_5739.JPG,train
3_IMG_5759,3,digit_3,2,Right,Sign-Language-Digits-Dataset\Dataset\3\IMG_5759.JPG,train
3_IMG_5769,3,digit_3,2,Right,Sign-Language-Digits-Dataset\Dataset\3\IMG_5769.JPG,train
3_IMG_5779,3,digit_3,2,Right,Sign-Language-Digits-Dataset\Dataset\3\IMG_5779.JPG,train
3_IMG_5789,3,digit_3,2,Right,Sign-Language-Digits-Dataset\Dataset\3\IMG_5789.JPG,train
3_IMG_5799,3,digit_3,2,Right,Sign-Language-Digits-Dataset\Dataset\3\IMG_5799.JPG,train
3_IMG_5819,3,digit_3,2,Right,Sign-Language-Digits-Dataset\Dataset\3\IMG_5819.JPG,train
3_IMG_5829,3,digit_3,2,Right,Sign-Language-Digits-Dataset\Dataset\3\IMG_5829.JPG,train
3_IMG_5850,3,digit_3,2,Right,Sign-Language-Digits-Dataset\Dataset\3\IMG_5850.JPG,train
3_IMG_5860,3,digit_3,2,Right,Sign-Language-Digits-Dataset\Dataset\3\IMG_5860.JPG,train
3_IMG_5880,3,digit_3,2,Right,Sign-Language-Digits-Dataset\Dataset\3\IMG_5880.JPG,train
3_IMG_5900,3,digit_3,2,Right,Sign-Language-Digits-Dataset\Dataset\3\IMG_5900.JPG,train
3_IMG_5921,3,digit_3,2,Right,Sign-Language-Digits-Dataset\Dataset\3\IMG_5921.JPG,train
3_IMG_5941,3,digit_3,2,Right,Sign-Language-Digits-Dataset\Dataset\3\IMG_5941.JPG,train
3_IMG_5953,3,digit_3,2,Right,Sign-Language-Digits-Dataset\Dataset\3\IMG_5953.JPG,train
3_IMG_5963,3,digit_3,2,Right,Sign-Language-Digits-Dataset\Dataset\3\IMG_5963.JPG,train
3_IMG_5984,3,digit_3,2,Right,Sign-Language-Digits-Dataset\Dataset\3\IMG_5984.JPG,train
3_IMG_5994,3,digit_3,2,Right,Sign-Language-Digits-Dataset\Dataset\3\IMG_5994.JPG,train
0_IMG_1118,0,other_digit,3,Right,Sign-Language-Digits-Dataset\Dataset\0\IMG_1118.JPG,train
0_IMG_1128,0,other_digit,3,Right,Sign-Language-Digits-Dataset\Dataset\0\IMG_1128.JPG,train
0_IMG_1138,0,other_digit,3,Right,Sign-Language-Digits-Dataset\Dataset\0\IMG_1138.JPG,train
0_IMG_1158,0,other_digit,3,Right,Sign-Language-Digits-Dataset\Dataset\0\IMG_1158.JPG,train
0_IMG_1169,0,other_digit,3,Right,Sign-Language-Digits-Dataset\Dataset\0\IMG_1169.JPG,train
0_IMG_1179,0,other_digit,3,Right,Sign-Language-Digits-Dataset\Dataset\0\IMG_1179.JPG,train
0_IMG_1199,0,other_digit,3,Right,Sign-Language-Digits-Dataset\Dataset\0\IMG_1199.JPG,train
0_IMG_1229,0,other_digit,3,Left,Sign-Language-Digits-Dataset\Dataset\0\IMG_1229.JPG,train
0_IMG_1239,0,other_digit,3,Right,Sign-Language-Digits-Dataset\Dataset\0\IMG_1239.JPG,train
0_IMG_1249,0,other_digit,3,Right,Sign-Language-Digits-Dataset\Dataset\0\IMG_1249.JPG,train
0_IMG_1260,0,other_digit,3,Right,Sign-Language-Digits-Dataset\Dataset\0\IMG_1260.JPG,train
0_IMG_1270,0,other_digit,3,Right,Sign-Language-Digits-Dataset\Dataset\0\IMG_1270.JPG,train
0_IMG_1290,0,other_digit,3,Right,Sign-Language-Digits-Dataset\Dataset\0\IMG_1290.JPG,train
0_IMG_1301,0,other_digit,3,Right,Sign-Language-Digits-Dataset\Dataset\0\IMG_1301.JPG,train
0_IMG_4040,0,other_digit,3,Right,Sign-Language-Digits-Dataset\Dataset\0\IMG_4040.JPG,train
0_IMG_4049,0,other_digit,3,Right,Sign-Language-Digits-Dataset\Dataset\0\IMG_4049.JPG,train
0_IMG_4059,0,other_digit,3,Right,Sign-Language-Digits-Dataset\Dataset\0\IMG_4059.JPG,train
0_IMG_4079,0,other_digit,3,Right,Sign-Language-Digits-Dataset\Dataset\0\IMG_4079.JPG,train
0_IMG_4099,0,other_digit,3,Right,Sign-Language-Digits-Dataset\Dataset\0\IMG_4099.JPG,train
0_IMG_4109,0,other_digit,3,Right,Sign-Language-Digits-Dataset\Dataset\0\IMG_4109.JPG,train
0_IMG_4129,0,other_digit,3,Right,Sign-Language-Digits-Dataset\Dataset\0\IMG_4129.JPG,train
0_IMG_4139,0,other_digit,3,Right,Sign-Language-Digits-Dataset\Dataset\0\IMG_4139.JPG,train
0_IMG_4159,0,other_digit,3,Right,Sign-Language-Digits-Dataset\Dataset\0\IMG_4159.JPG,train
0_IMG_4170,0,other_digit,3,Right,Sign-Language-Digits-Dataset\Dataset\0\IMG_4170.JPG,train
0_IMG_4193,0,other_digit,3,Right,Sign-Language-Digits-Dataset\Dataset\0\IMG_4193.JPG,train
0_IMG_4223,0,other_digit,3,Right,Sign-Language-Digits-Dataset\Dataset\0\IMG_4223.JPG,train
0_IMG_4233,0,other_digit,3,Right,Sign-Language-Digits-Dataset\Dataset\0\IMG_4233.JPG,train
0_IMG_4243,0,other_digit,3,Right,Sign-Language-Digits-Dataset\Dataset\0\IMG_4243.JPG,train
0_IMG_4254,0,other_digit,3,Right,Sign-Language-Digits-Dataset\Dataset\0\IMG_4254.JPG,train
0_IMG_4266,0,other_digit,3,Right,Sign-Language-Digits-Dataset\Dataset\0\IMG_4266.JPG,train
0_IMG_4276,0,other_digit,3,Right,Sign-Language-Digits-Dataset\Dataset\0\IMG_4276.JPG,train
0_IMG_4286,0,other_digit,3,Right,Sign-Language-Digits-Dataset\Dataset\0\IMG_4286.JPG,train
0_IMG_4296,0,other_digit,3,Right,Sign-Language-Digits-Dataset\Dataset\0\IMG_4296.JPG,train
0_IMG_4306,0,other_digit,3,Right,Sign-Language-Digits-Dataset\Dataset\0\IMG_4306.JPG,train
0_IMG_4316,0,other_digit,3,Right,Sign-Language-Digits-Dataset\Dataset\0\IMG_4316.JPG,train
0_IMG_4338,0,other_digit,3,Right,Sign-Language-Digits-Dataset\Dataset\0\IMG_4338.JPG,train
0_IMG_4348,0,other_digit,3,Right,Sign-Language-Digits-Dataset\Dataset\0\IMG_4348.JPG,train
0_IMG_4359,0,other_digit,3,Right,Sign-Language-Digits-Dataset\Dataset\0\IMG_4359.JPG,train
0_IMG_4370,0,other_digit,3,Right,Sign-Language-Digits-Dataset\Dataset\0\IMG_4370.JPG,train
0_IMG_4381,0,other_digit,3,Right,Sign-Language-Digits-Dataset\Dataset\0\IMG_4381.JPG,train
0_IMG_4403,0,other_digit,3,Right,Sign-Language-Digits-Dataset\Dataset\0\IMG_4403.JPG,train
0_IMG_4435,0,other_digit,3,Right,Sign-Language-Digits-Dataset\Dataset\0\IMG_4435.JPG,train
0_IMG_4466,0,other_digit,3,Right,Sign-Language-Digits-Dataset\Dataset\0\IMG_4466.JPG,train
0_IMG_4496,0,other_digit,3,Right,Sign-Language-Digits-Dataset\Dataset\0\IMG_4496.JPG,train
0_IMG_4506,0,other_digit,3,Right,Sign-Language-Digits-Dataset\Dataset\0\IMG_4506.JPG,train
0_IMG_4533,0,other_digit,3,Right,Sign-Language-Digits-Dataset\Dataset\0\IMG_4533.JPG,train
0_IMG_4543,0,other_digit,3,Right,Sign-Language-Digits-Dataset\Dataset\0\IMG_4543.JPG,train
0_IMG_4614,0,other_digit,3,Right,Sign-Language-Digits-Dataset\Dataset\0\IMG_4614.JPG,train
0_IMG_4634,0,other_digit,3,Right,Sign-Language-Digits-Dataset\Dataset\0\IMG_4634.JPG,train
0_IMG_4644,0,other_digit,3,Right,Sign-Language-Digits-Dataset\Dataset\0\IMG_4644.JPG,train
0_IMG_4674,0,other_digit,3,Right,Sign-Language-Digits-Dataset\Dataset\0\IMG_4674.JPG,train
0_IMG_4684,0,other_digit,3,Right,Sign-Language-Digits-Dataset\Dataset\0\IMG_4684.JPG,train
0_IMG_4704,0,other_digit,3,Right,Sign-Language-Digits-Dataset\Dataset\0\IMG_4704.JPG,train
0_IMG_4725,0,other_digit,3,Right,Sign-Language-Digits-Dataset\Dataset\0\IMG_4725.JPG,train
0_IMG_4755,0,other_digit,3,Right,Sign-Language-Digits-Dataset\Dataset\0\IMG_4755.JPG,train
0_IMG_4786,0,other_digit,3,Right,Sign-Language-Digits-Dataset\Dataset\0\IMG_4786.JPG,train
0_IMG_4807,0,other_digit,3,Right,Sign-Language-Digits-Dataset\Dataset\0\IMG_4807.JPG,train
0_IMG_4846,0,other_digit,3,Right,Sign-Language-Digits-Dataset\Dataset\0\IMG_4846.JPG,train
0_IMG_4866,0,other_digit,3,Right,Sign-Language-Digits-Dataset\Dataset\0\IMG_4866.JPG,train
0_IMG_4896,0,other_digit,3,Left,Sign-Language-Digits-Dataset\Dataset\0\IMG_4896.JPG,train
0_IMG_4906,0,other_digit,3,Right,Sign-Language-Digits-Dataset\Dataset\0\IMG_4906.JPG,train
0_IMG_4926,0,other_digit,3,Right,Sign-Language-Digits-Dataset\Dataset\0\IMG_4926.JPG,train
0_IMG_4936,0,other_digit,3,Right,Sign-Language-Digits-Dataset\Dataset\0\IMG_4936.JPG,train
0_IMG_4946,0,other_digit,3,Right,Sign-Language-Digits-Dataset\Dataset\0\IMG_4946.JPG,train
0_IMG_5007,0,other_digit,3,Right,Sign-Language-Digits-Dataset\Dataset\0\IMG_5007.JPG,train
0_IMG_5017,0,other_digit,3,Right,Sign-Language-Digits-Dataset\Dataset\0\IMG_5017.JPG,train
0_IMG_5053,0,other_digit,3,Right,Sign-Language-Digits-Dataset\Dataset\0\IMG_5053.JPG,train
0_IMG_5063,0,other_digit,3,Right,Sign-Language-Digits-Dataset\Dataset\0\IMG_5063.JPG,train
0_IMG_5074,0,other_digit,3,Right,Sign-Language-Digits-Dataset\Dataset\0\IMG_5074.JPG,train
0_IMG_5091,0,other_digit,3,Right,Sign-Language-Digits-Dataset\Dataset\0\IMG_5091.JPG,train
0_IMG_5101,0,other_digit,3,Right,Sign-Language-Digits-Dataset\Dataset\0\IMG_5101.JPG,train
0_IMG_5111,0,other_digit,3,Right,Sign-Language-Digits-Dataset\Dataset\0\IMG_5111.JPG,train
0_IMG_5132,0,other_digit,3,Right,Sign-Language-Digits-Dataset\Dataset\0\IMG_5132.JPG,train
0_IMG_5142,0,other_digit,3,Right,Sign-Language-Digits-Dataset\Dataset\0\IMG_5142.JPG,train
0_IMG_5152,0,other_digit,3,Right,Sign-Language-Digits-Dataset\Dataset\0\IMG_5152.JPG,train
0_IMG_5163,0,other_digit,3,Right,Sign-Language-Digits-Dataset\Dataset\0\IMG_5163.JPG,train
0_IMG_5193,0,other_digit,3,Right,Sign-Language-Digits-Dataset\Dataset\0\IMG_5193.JPG,train
0_IMG_5213,0,other_digit,3,Left,Sign-Language-Digits-Dataset\Dataset\0\IMG_5213.JPG,train
0_IMG_5255,0,other_digit,3,Right,Sign-Language-Digits-Dataset\Dataset\0\IMG_5255.JPG,train
0_IMG_5276,0,other_digit,3,Right,Sign-Language-Digits-Dataset\Dataset\0\IMG_5276.JPG,train
0_IMG_5286,0,other_digit,3,Right,Sign-Language-Digits-Dataset\Dataset\0\IMG_5286.JPG,train
0_IMG_5297,0,other_digit,3,Right,Sign-Language-Digits-Dataset\Dataset\0\IMG_5297.JPG,train
0_IMG_5308,0,other_digit,3,Right,Sign-Language-Digits-Dataset\Dataset\0\IMG_5308.JPG,train
0_IMG_5318,0,other_digit,3,Right,Sign-Language-Digits-Dataset\Dataset\0\IMG_5318.JPG,train
0_IMG_5350,0,other_digit,3,Right,Sign-Language-Digits-Dataset\Dataset\0\IMG_5350.JPG,train
0_IMG_5370,0,other_digit,3,Right,Sign-Language-Digits-Dataset\Dataset\0\IMG_5370.JPG,train
0_IMG_5380,0,other_digit,3,Right,Sign-Language-Digits-Dataset\Dataset\0\IMG_5380.JPG,train
0_IMG_5390,0,other_digit,3,Right,Sign-Language-Digits-Dataset\Dataset\0\IMG_5390.JPG,train
0_IMG_5422,0,other_digit,3,Right,Sign-Language-Digits-Dataset\Dataset\0\IMG_5422.JPG,train
0_IMG_5446,0,other_digit,3,Left,Sign-Language-Digits-Dataset\Dataset\0\IMG_5446.JPG,train
0_IMG_5466,0,other_digit,3,Left,Sign-Language-Digits-Dataset\Dataset\0\IMG_5466.JPG,train
0_IMG_5497,0,other_digit,3,Right,Sign-Language-Digits-Dataset\Dataset\0\IMG_5497.JPG,train
0_IMG_5507,0,other_digit,3,Right,Sign-Language-Digits-Dataset\Dataset\0\IMG_5507.JPG,train
0_IMG_5517,0,other_digit,3,Right,Sign-Language-Digits-Dataset\Dataset\0\IMG_5517.JPG,train
0_IMG_5527,0,other_digit,3,Right,Sign-Language-Digits-Dataset\Dataset\0\IMG_5527.JPG,train
0_IMG_5547,0,other_digit,3,Right,Sign-Language-Digits-Dataset\Dataset\0\IMG_5547.JPG,train
0_IMG_5572,0,other_digit,3,Right,Sign-Language-Digits-Dataset\Dataset\0\IMG_5572.JPG,train
0_IMG_5582,0,other_digit,3,Right,Sign-Language-Digits-Dataset\Dataset\0\IMG_5582.JPG,train
0_IMG_5592,0,other_digit,3,Right,Sign-Language-Digits-Dataset\Dataset\0\IMG_5592.JPG,train
0_IMG_5603,0,other_digit,3,Right,Sign-Language-Digits-Dataset\Dataset\0\IMG_5603.JPG,train
0_IMG_5615,0,other_digit,3,Right,Sign-Language-Digits-Dataset\Dataset\0\IMG_5615.JPG,train
0_IMG_5635,0,other_digit,3,Right,Sign-Language-Digits-Dataset\Dataset\0\IMG_5635.JPG,train
0_IMG_5645,0,other_digit,3,Right,Sign-Language-Digits-Dataset\Dataset\0\IMG_5645.JPG,train
0_IMG_5675,0,other_digit,3,Right,Sign-Language-Digits-Dataset\Dataset\0\IMG_5675.JPG,train
0_IMG_5685,0,other_digit,3,Right,Sign-Language-Digits-Dataset\Dataset\0\IMG_5685.JPG,train
0_IMG_5695,0,other_digit,3,Right,Sign-Language-Digits-Dataset\Dataset\0\IMG_5695.JPG,train
0_IMG_5705,0,other_digit,3,Right,Sign-Language-Digits-Dataset\Dataset\0\IMG_5705.JPG,train
0_IMG_5716,0,other_digit,3,Right,Sign-Language-Digits-Dataset\Dataset\0\IMG_5716.JPG,train
0_IMG_5726,0,other_digit,3,Right,Sign-Language-Digits-Dataset\Dataset\0\IMG_5726.JPG,train
0_IMG_5746,0,other_digit,3,Right,Sign-Language-Digits-Dataset\Dataset\0\IMG_5746.JPG,train
0_IMG_5766,0,other_digit,3,Right,Sign-Language-Digits-Dataset\Dataset\0\IMG_5766.JPG,train
0_IMG_5776,0,other_digit,3,Right,Sign-Language-Digits-Dataset\Dataset\0\IMG_5776.JPG,train
0_IMG_5786,0,other_digit,3,Right,Sign-Language-Digits-Dataset\Dataset\0\IMG_5786.JPG,train
0_IMG_5806,0,other_digit,3,Right,Sign-Language-Digits-Dataset\Dataset\0\IMG_5806.JPG,train
0_IMG_5816,0,other_digit,3,Right,Sign-Language-Digits-Dataset\Dataset\0\IMG_5816.JPG,train
0_IMG_5867,0,other_digit,3,Left,Sign-Language-Digits-Dataset\Dataset\0\IMG_5867.JPG,train
0_IMG_5877,0,other_digit,3,Right,Sign-Language-Digits-Dataset\Dataset\0\IMG_5877.JPG,train
0_IMG_5887,0,other_digit,3,Right,Sign-Language-Digits-Dataset\Dataset\0\IMG_5887.JPG,train
0_IMG_5918,0,other_digit,3,Right,Sign-Language-Digits-Dataset\Dataset\0\IMG_5918.JPG,train
0_IMG_5928,0,other_digit,3,Right,Sign-Language-Digits-Dataset\Dataset\0\IMG_5928.JPG,train
0_IMG_5938,0,other_digit,3,Right,Sign-Language-Digits-Dataset\Dataset\0\IMG_5938.JPG,train
0_IMG_5991,0,other_digit,3,Right,Sign-Language-Digits-Dataset\Dataset\0\IMG_5991.JPG,train
4_IMG_1122,4,other_digit,3,Right,Sign-Language-Digits-Dataset\Dataset\4\IMG_1122.JPG,train
4_IMG_1132,4,other_digit,3,Right,Sign-Language-Digits-Dataset\Dataset\4\IMG_1132.JPG,train
4_IMG_1142,4,other_digit,3,Right,Sign-Language-Digits-Dataset\Dataset\4\IMG_1142.JPG,train
4_IMG_1152,4,other_digit,3,Right,Sign-Language-Digits-Dataset\Dataset\4\IMG_1152.JPG,train
4_IMG_1162,4,other_digit,3,Right,Sign-Language-Digits-Dataset\Dataset\4\IMG_1162.JPG,train
4_IMG_1173,4,other_digit,3,Right,Sign-Language-Digits-Dataset\Dataset\4\IMG_1173.JPG,train
4_IMG_1183,4,other_digit,3,Right,Sign-Language-Digits-Dataset\Dataset\4\IMG_1183.JPG,train
4_IMG_1193,4,other_digit,3,Right,Sign-Language-Digits-Dataset\Dataset\4\IMG_1193.JPG,train
4_IMG_1203,4,other_digit,3,Right,Sign-Language-Digits-Dataset\Dataset\4\IMG_1203.JPG,train
4_IMG_1213,4,other_digit,3,Right,Sign-Language-Digits-Dataset\Dataset\4\IMG_1213.JPG,train
4_IMG_1223,4,other_digit,3,Right,Sign-Language-Digits-Dataset\Dataset\4\IMG_1223.JPG,train
4_IMG_1233,4,other_digit,3,Right,Sign-Language-Digits-Dataset\Dataset\4\IMG_1233.JPG,train
4_IMG_1243,4,other_digit,3,Right,Sign-Language-Digits-Dataset\Dataset\4\IMG_1243.JPG,train
4_IMG_1254,4,other_digit,3,Right,Sign-Language-Digits-Dataset\Dataset\4\IMG_1254.JPG,train
4_IMG_1274,4,other_digit,3,Right,Sign-Language-Digits-Dataset\Dataset\4\IMG_1274.JPG,train
4_IMG_1284,4,other_digit,3,Right,Sign-Language-Digits-Dataset\Dataset\4\IMG_1284.JPG,train
4_IMG_1295,4,other_digit,3,Right,Sign-Language-Digits-Dataset\Dataset\4\IMG_1295.JPG,train
4_IMG_1326,4,other_digit,3,Right,Sign-Language-Digits-Dataset\Dataset\4\IMG_1326.JPG,train
4_IMG_4053,4,other_digit,3,Right,Sign-Language-Digits-Dataset\Dataset\4\IMG_4053.JPG,train
4_IMG_4063,4,other_digit,3,Right,Sign-Language-Digits-Dataset\Dataset\4\IMG_4063.JPG,train
4_IMG_4073,4,other_digit,3,Right,Sign-Language-Digits-Dataset\Dataset\4\IMG_4073.JPG,train
4_IMG_4093,4,other_digit,3,Right,Sign-Language-Digits-Dataset\Dataset\4\IMG_4093.JPG,train
4_IMG_4103,4,other_digit,3,Right,Sign-Language-Digits-Dataset\Dataset\4\IMG_4103.JPG,train
4_IMG_4123,4,other_digit,3,Right,Sign-Language-Digits-Dataset\Dataset\4\IMG_4123.JPG,train
4_IMG_4153,4,other_digit,3,Right,Sign-Language-Digits-Dataset\Dataset\4\IMG_4153.JPG,train
4_IMG_4175,4,other_digit,3,Right,Sign-Language-Digits-Dataset\Dataset\4\IMG_4175.JPG,train
4_IMG_4185,4,other_digit,3,Right,Sign-Language-Digits-Dataset\Dataset\4\IMG_4185.JPG,train
4_IMG_4207,4,other_digit,3,Right,Sign-Language-Digits-Dataset\Dataset\4\IMG_4207.JPG,train
4_IMG_4237,4,other_digit,3,Right,Sign-Language-Digits-Dataset\Dataset\4\IMG_4237.JPG,train
4_IMG_4259,4,other_digit,3,Right,Sign-Language-Digits-Dataset\Dataset\4\IMG_4259.JPG,train
4_IMG_4290,4,other_digit,3,Right,Sign-Language-Digits-Dataset\Dataset\4\IMG_4290.JPG,train
4_IMG_4300,4,other_digit,3,Right,Sign-Language-Digits-Dataset\Dataset\4\IMG_4300.JPG,train
4_IMG_4321,4,other_digit,3,Right,Sign-Language-Digits-Dataset\Dataset\4\IMG_4321.JPG,train
4_IMG_4332,4,other_digit,3,Right,Sign-Language-Digits-Dataset\Dataset\4\IMG_4332.JPG,train
4_IMG_4342,4,other_digit,3,Right,Sign-Language-Digits-Dataset\Dataset\4\IMG_4342.JPG,train
4_IMG_4352,4,other_digit,3,Right,Sign-Language-Digits-Dataset\Dataset\4\IMG_4352.JPG,train
4_IMG_4363,4,other_digit,3,Right,Sign-Language-Digits-Dataset\Dataset\4\IMG_4363.JPG,train
4_IMG_4374,4,other_digit,3,Right,Sign-Language-Digits-Dataset\Dataset\4\IMG_4374.JPG,train
4_IMG_4395,4,other_digit,3,Right,Sign-Language-Digits-Dataset\Dataset\4\IMG_4395.JPG,train
4_IMG_4407,4,other_digit,3,Right,Sign-Language-Digits-Dataset\Dataset\4\IMG_4407.JPG,train
4_IMG_4417,4,other_digit,3,Right,Sign-Language-Digits-Dataset\Dataset\4\IMG_4417.JPG,train
4_IMG_4440,4,other_digit,3,Right,Sign-Language-Digits-Dataset\Dataset\4\IMG_4440.JPG,train
4_IMG_4450,4,other_digit,3,Right,Sign-Language-Digits-Dataset\Dataset\4\IMG_4450.JPG,train
4_IMG_4480,4,other_digit,3,Right,Sign-Language-Digits-Dataset\Dataset\4\IMG_4480.JPG,train
4_IMG_4510,4,other_digit,3,Right,Sign-Language-Digits-Dataset\Dataset\4\IMG_4510.JPG,train
4_IMG_4537,4,other_digit,3,Right,Sign-Language-Digits-Dataset\Dataset\4\IMG_4537.JPG,train
4_IMG_4548,4,other_digit,3,Right,Sign-Language-Digits-Dataset\Dataset\4\IMG_4548.JPG,train
4_IMG_4558,4,other_digit,3,Right,Sign-Language-Digits-Dataset\Dataset\4\IMG_4558.JPG,train
4_IMG_4568,4,other_digit,3,Left,Sign-Language-Digits-Dataset\Dataset\4\IMG_4568.JPG,train
4_IMG_4578,4,other_digit,3,Right,Sign-Language-Digits-Dataset\Dataset\4\IMG_4578.JPG,train
4_IMG_4588,4,other_digit,3,Right,Sign-Language-Digits-Dataset\Dataset\4\IMG_4588.JPG,train
4_IMG_4598,4,other_digit,3,Right,Sign-Language-Digits-Dataset\Dataset\4\IMG_4598.JPG,train
4_IMG_4608,4,other_digit,3,Right,Sign-Language-Digits-Dataset\Dataset\4\IMG_4608.JPG,train
4_IMG_4618,4,other_digit,3,Right,Sign-Language-Digits-Dataset\Dataset\4\IMG_4618.JPG,train
4_IMG_4628,4,other_digit,3,Right,Sign-Language-Digits-Dataset\Dataset\4\IMG_4628.JPG,train
4_IMG_4648,4,other_digit,3,Right,Sign-Language-Digits-Dataset\Dataset\4\IMG_4648.JPG,train
4_IMG_4668,4,other_digit,3,Right,Sign-Language-Digits-Dataset\Dataset\4\IMG_4668.JPG,train
4_IMG_4678,4,other_digit,3,Right,Sign-Language-Digits-Dataset\Dataset\4\IMG_4678.JPG,train
4_IMG_4698,4,other_digit,3,Right,Sign-Language-Digits-Dataset\Dataset\4\IMG_4698.JPG,train
4_IMG_4709,4,other_digit,3,Right,Sign-Language-Digits-Dataset\Dataset\4\IMG_4709.JPG,train
4_IMG_4719,4,other_digit,3,Right,Sign-Language-Digits-Dataset\Dataset\4\IMG_4719.JPG,train
4_IMG_4749,4,other_digit,3,Right,Sign-Language-Digits-Dataset\Dataset\4\IMG_4749.JPG,train
4_IMG_4759,4,other_digit,3,Right,Sign-Language-Digits-Dataset\Dataset\4\IMG_4759.JPG,train
4_IMG_4769,4,other_digit,3,Right,Sign-Language-Digits-Dataset\Dataset\4\IMG_4769.JPG,train
4_IMG_4780,4,other_digit,3,Right,Sign-Language-Digits-Dataset\Dataset\4\IMG_4780.JPG,train
4_IMG_4790,4,other_digit,3,Right,Sign-Language-Digits-Dataset\Dataset\4\IMG_4790.JPG,train
4_IMG_4800,4,other_digit,3,Right,Sign-Language-Digits-Dataset\Dataset\4\IMG_4800.JPG,train
4_IMG_4850,4,other_digit,3,Right,Sign-Language-Digits-Dataset\Dataset\4\IMG_4850.JPG,train
4_IMG_4870,4,other_digit,3,Right,Sign-Language-Digits-Dataset\Dataset\4\IMG_4870.JPG,train
4_IMG_4880,4,other_digit,3,Right,Sign-Language-Digits-Dataset\Dataset\4\IMG_4880.JPG,train
4_IMG_4900,4,other_digit,3,Right,Sign-Language-Digits-Dataset\Dataset\4\IMG_4900.JPG,train
4_IMG_4910,4,other_digit,3,Right,Sign-Language-Digits-Dataset\Dataset\4\IMG_4910.JPG,train
4_IMG_4920,4,other_digit,3,Right,Sign-Language-Digits-Dataset\Dataset\4\IMG_4920.JPG,train
4_IMG_4930,4,other_digit,3,Right,Sign-Language-Digits-Dataset\Dataset\4\IMG_4930.JPG,train
4_IMG_4950,4,other_digit,3,Right,Sign-Language-Digits-Dataset\Dataset\4\IMG_4950.JPG,train
4_IMG_5011,4,other_digit,3,Right,Sign-Language-Digits-Dataset\Dataset\4\IMG_5011.JPG,train
4_IMG_5021,4,other_digit,3,Right,Sign-Language-Digits-Dataset\Dataset\4\IMG_5021.JPG,train
4_IMG_5035,4,other_digit,3,Right,Sign-Language-Digits-Dataset\Dataset\4\IMG_5035.JPG,train
4_IMG_5057,4,other_digit,3,Right,Sign-Language-Digits-Dataset\Dataset\4\IMG_5057.JPG,train
4_IMG_5067,4,other_digit,3,Right,Sign-Language-Digits-Dataset\Dataset\4\IMG_5067.JPG,train
4_IMG_5079,4,other_digit,3,Right,Sign-Language-Digits-Dataset\Dataset\4\IMG_5079.JPG,train
4_IMG_5095,4,other_digit,3,Right,Sign-Language-Digits-Dataset\Dataset\4\IMG_5095.JPG,train
4_IMG_5105,4,other_digit,3,Right,Sign-Language-Digits-Dataset\Dataset\4\IMG_5105.JPG,train
4_IMG_5115,4,other_digit,3,Right,Sign-Language-Digits-Dataset\Dataset\4\IMG_5115.JPG,train
4_IMG_5126,4,other_digit,3,Right,Sign-Language-Digits-Dataset\Dataset\4\IMG_5126.JPG,train
4_IMG_5136,4,other_digit,3,Right,Sign-Language-Digits-Dataset\Dataset\4\IMG_5136.JPG,train
4_IMG_5156,4,other_digit,3,Right,Sign-Language-Digits-Dataset\Dataset\4\IMG_5156.JPG,train
4_IMG_5167,4,other_digit,3,Right,Sign-Language-Digits-Dataset\Dataset\4\IMG_5167.JPG,train
4_IMG_5187,4,other_digit,3,Right,Sign-Language-Digits-Dataset\Dataset\4\IMG_5187.JPG,train
4_IMG_5217,4,other_digit,3,Right,Sign-Language-Digits-Dataset\Dataset\4\IMG_5217.JPG,train
4_IMG_5227,4,other_digit,3,Right,Sign-Language-Digits-Dataset\Dataset\4\IMG_5227.JPG,train
4_IMG_5249,4,other_digit,3,Right,Sign-Language-Digits-Dataset\Dataset\4\IMG_5249.JPG,train
4_IMG_5301,4,other_digit,3,Right,Sign-Language-Digits-Dataset\Dataset\4\IMG_5301.JPG,train
4_IMG_5322,4,other_digit,3,Right,Sign-Language-Digits-Dataset\Dataset\4\IMG_5322.JPG,train
4_IMG_5332,4,other_digit,3,Right,Sign-Language-Digits-Dataset\Dataset\4\IMG_5332.JPG,train
4_IMG_5344,4,other_digit,3,Right,Sign-Language-Digits-Dataset\Dataset\4\IMG_5344.JPG,train
4_IMG_5364,4,other_digit,3,Right,Sign-Language-Digits-Dataset\Dataset\4\IMG_5364.JPG,train
4_IMG_5374,4,other_digit,3,Right,Sign-Language-Digits-Dataset\Dataset\4\IMG_5374.JPG,train
4_IMG_5384,4,other_digit,3,Right,Sign-Language-Digits-Dataset\Dataset\4\IMG_5384.JPG,train
4_IMG_5394,4,other_digit,3,Right,Sign-Language-Digits-Dataset\Dataset\4\IMG_5394.JPG,train
4_IMG_5404,4,other_digit,3,Right,Sign-Language-Digits-Dataset\Dataset\4\IMG_5404.JPG,train
4_IMG_5416,4,other_digit,3,Right,Sign-Language-Digits-Dataset\Dataset\4\IMG_5416.JPG,train
4_IMG_5450,4,other_digit,3,Right,Sign-Language-Digits-Dataset\Dataset\4\IMG_5450.JPG,train
4_IMG_5470,4,other_digit,3,Right,Sign-Language-Digits-Dataset\Dataset\4\IMG_5470.JPG,train
4_IMG_5480,4,other_digit,3,Right,Sign-Language-Digits-Dataset\Dataset\4\IMG_5480.JPG,train
4_IMG_5491,4,other_digit,3,Right,Sign-Language-Digits-Dataset\Dataset\4\IMG_5491.JPG,train
4_IMG_5511,4,other_digit,3,Right,Sign-Language-Digits-Dataset\Dataset\4\IMG_5511.JPG,train
4_IMG_5541,4,other_digit,3,Right,Sign-Language-Digits-Dataset\Dataset\4\IMG_5541.JPG,train
4_IMG_5566,4,other_digit,3,Right,Sign-Language-Digits-Dataset\Dataset\4\IMG_5566.JPG,train
4_IMG_5586,4,other_digit,3,Right,Sign-Language-Digits-Dataset\Dataset\4\IMG_5586.JPG,train
4_IMG_5596,4,other_digit,3,Right,Sign-Language-Digits-Dataset\Dataset\4\IMG_5596.JPG,train
4_IMG_5639,4,other_digit,3,Right,Sign-Language-Digits-Dataset\Dataset\4\IMG_5639.JPG,train
4_IMG_5659,4,other_digit,3,Right,Sign-Language-Digits-Dataset\Dataset\4\IMG_5659.JPG,train
4_IMG_5679,4,other_digit,3,Right,Sign-Language-Digits-Dataset\Dataset\4\IMG_5679.JPG,train
4_IMG_5689,4,other_digit,3,Right,Sign-Language-Digits-Dataset\Dataset\4\IMG_5689.JPG,train
4_IMG_5699,4,other_digit,3,Right,Sign-Language-Digits-Dataset\Dataset\4\IMG_5699.JPG,train
4_IMG_5720,4,other_digit,3,Right,Sign-Language-Digits-Dataset\Dataset\4\IMG_5720.JPG,train
4_IMG_5730,4,other_digit,3,Right,Sign-Language-Digits-Dataset\Dataset\4\IMG_5730.JPG,train
4_IMG_5740,4,other_digit,3,Right,Sign-Language-Digits-Dataset\Dataset\4\IMG_5740.JPG,train
4_IMG_5750,4,other_digit,3,Right,Sign-Language-Digits-Dataset\Dataset\4\IMG_5750.JPG,train
4_IMG_5780,4,other_digit,3,Right,Sign-Language-Digits-Dataset\Dataset\4\IMG_5780.JPG,train
4_IMG_5790,4,other_digit,3,Right,Sign-Language-Digits-Dataset\Dataset\4\IMG_5790.JPG,train
4_IMG_5800,4,other_digit,3,Right,Sign-Language-Digits-Dataset\Dataset\4\IMG_5800.JPG,train
4_IMG_5810,4,other_digit,3,Right,Sign-Language-Digits-Dataset\Dataset\4\IMG_5810.JPG,train
4_IMG_5830,4,other_digit,3,Right,Sign-Language-Digits-Dataset\Dataset\4\IMG_5830.JPG,train
4_IMG_5841,4,other_digit,3,Right,Sign-Language-Digits-Dataset\Dataset\4\IMG_5841.JPG,train
4_IMG_5871,4,other_digit,3,Right,Sign-Language-Digits-Dataset\Dataset\4\IMG_5871.JPG,train
4_IMG_5881,4,other_digit,3,Right,Sign-Language-Digits-Dataset\Dataset\4\IMG_5881.JPG,train
4_IMG_5901,4,other_digit,3,Right,Sign-Language-Digits-Dataset\Dataset\4\IMG_5901.JPG,train
4_IMG_5911,4,other_digit,3,Right,Sign-Language-Digits-Dataset\Dataset\4\IMG_5911.JPG,train
4_IMG_5922,4,other_digit,3,Right,Sign-Language-Digits-Dataset\Dataset\4\IMG_5922.JPG,train
4_IMG_5932,4,other_digit,3,Right,Sign-Language-Digits-Dataset\Dataset\4\IMG_5932.JPG,train
4_IMG_5944,4,other_digit,3,Right,Sign-Language-Digits-Dataset\Dataset\4\IMG_5944.JPG,train
4_IMG_5954,4,other_digit,3,Left,Sign-Language-Digits-Dataset\Dataset\4\IMG_5954.JPG,train
4_IMG_5975,4,other_digit,3,Right,Sign-Language-Digits-Dataset\Dataset\4\IMG_5975.JPG,train
5_IMG_1133,5,other_digit,3,Right,Sign-Language-Digits-Dataset\Dataset\5\IMG_1133.JPG,train
5_IMG_1153,5,other_digit,3,Right,Sign-Language-Digits-Dataset\Dataset\5\IMG_1153.JPG,train
5_IMG_1174,5,other_digit,3,Right,Sign-Language-Digits-Dataset\Dataset\5\IMG_1174.JPG,train
5_IMG_1194,5,other_digit,3,Right,Sign-Language-Digits-Dataset\Dataset\5\IMG_1194.JPG,train
5_IMG_1204,5,other_digit,3,Right,Sign-Language-Digits-Dataset\Dataset\5\IMG_1204.JPG,train
5_IMG_1234,5,other_digit,3,Right,Sign-Language-Digits-Dataset\Dataset\5\IMG_1234.JPG,train
5_IMG_1244,5,other_digit,3,Right,Sign-Language-Digits-Dataset\Dataset\5\IMG_1244.JPG,train
5_IMG_1285,5,other_digit,3,Right,Sign-Language-Digits-Dataset\Dataset\5\IMG_1285.JPG,train
5_IMG_1307,5,other_digit,3,Right,Sign-Language-Digits-Dataset\Dataset\5\IMG_1307.JPG,train
5_IMG_1317,5,other_digit,3,Right,Sign-Language-Digits-Dataset\Dataset\5\IMG_1317.JPG,train
5_IMG_1327,5,other_digit,3,Right,Sign-Language-Digits-Dataset\Dataset\5\IMG_1327.JPG,train
5_IMG_4039,5,other_digit,3,Right,Sign-Language-Digits-Dataset\Dataset\5\IMG_4039.JPG,train
5_IMG_4064,5,other_digit,3,Right,Sign-Language-Digits-Dataset\Dataset\5\IMG_4064.JPG,train
5_IMG_4104,5,other_digit,3,Right,Sign-Language-Digits-Dataset\Dataset\5\IMG_4104.JPG,train
5_IMG_4114,5,other_digit,3,Right,Sign-Language-Digits-Dataset\Dataset\5\IMG_4114.JPG,train
5_IMG_4124,5,other_digit,3,Right,Sign-Language-Digits-Dataset\Dataset\5\IMG_4124.JPG,train
5_IMG_4134,5,other_digit,3,Right,Sign-Language-Digits-Dataset\Dataset\5\IMG_4134.JPG,train
5_IMG_4144,5,other_digit,3,Right,Sign-Language-Digits-Dataset\Dataset\5\IMG_4144.JPG,train
5_IMG_4154,5,other_digit,3,Right,Sign-Language-Digits-Dataset\Dataset\5\IMG_4154.JPG,train
5_IMG_4164,5,other_digit,3,Right,Sign-Language-Digits-Dataset\Dataset\5\IMG_4164.JPG,train
5_IMG_4176,5,other_digit,3,Right,Sign-Language-Digits-Dataset\Dataset\5\IMG_4176.JPG,train
5_IMG_4186,5,other_digit,3,Right,Sign-Language-Digits-Dataset\Dataset\5\IMG_4186.JPG,train
5_IMG_4198,5,other_digit,3,Right,Sign-Language-Digits-Dataset\Dataset\5\IMG_4198.JPG,train
5_IMG_4208,5,other_digit,3,Right,Sign-Language-Digits-Dataset\Dataset\5\IMG_4208.JPG,train
5_IMG_4218,5,other_digit,3,Right,Sign-Language-Digits-Dataset\Dataset\5\IMG_4218.JPG,train
5_IMG_4228,5,other_digit,3,Right,Sign-Language-Digits-Dataset\Dataset\5\IMG_4228.JPG,train
5_IMG_4238,5,other_digit,3,Right,Sign-Language-Digits-Dataset\Dataset\5\IMG_4238.JPG,train
5_IMG_4281,5,other_digit,3,Right,Sign-Language-Digits-Dataset\Dataset\5\IMG_4281.JPG,train
5_IMG_4301,5,other_digit,3,Right,Sign-Language-Digits-Dataset\Dataset\5\IMG_4301.JPG,train
5_IMG_4322,5,other_digit,3,Right,Sign-Language-Digits-Dataset\Dataset\5\IMG_4322.JPG,train
5_IMG_4343,5,other_digit,3,Right,Sign-Language-Digits-Dataset\Dataset\5\IMG_4343.JPG,train
5_IMG_4353,5,other_digit,3,Right,Sign-Language-Digits-Dataset\Dataset\5\IMG_4353.JPG,train
5_IMG_4364,5,other_digit,3,Right,Sign-Language-Digits-Dataset\Dataset\5\IMG_4364.JPG,train
5_IMG_4386,5,other_digit,3,Right,Sign-Language-Digits-Dataset\Dataset\5\IMG_4386.JPG,train
5_IMG_4396,5,other_digit,3,Right,Sign-Language-Digits-Dataset\Dataset\5\IMG_4396.JPG,train
5_IMG_4408,5,other_digit,3,Right,Sign-Language-Digits-Dataset\Dataset\5\IMG_4408.JPG,train
5_IMG_4429,5,other_digit,3,Right,Sign-Language-Digits-Dataset\Dataset\5\IMG_4429.JPG,train
5_IMG_4441,5,other_digit,3,Right,Sign-Language-Digits-Dataset\Dataset\5\IMG_4441.JPG,train
5_IMG_4451,5,other_digit,3,Right,Sign-Language-Digits-Dataset\Dataset\5\IMG_4451.JPG,train
5_IMG_4461,5,other_digit,3,Right,Sign-Language-Digits-Dataset\Dataset\5\IMG_4461.JPG,train
5_IMG_4481,5,other_digit,3,Left,Sign-Language-Digits-Dataset\Dataset\5\IMG_4481.JPG,train
5_IMG_4491,5,other_digit,3,Right,Sign-Language-Digits-Dataset\Dataset\5\IMG_4491.JPG,train
5_IMG_4501,5,other_digit,3,Right,Sign-Language-Digits-Dataset\Dataset\5\IMG_4501.JPG,train
5_IMG_4538,5,other_digit,3,Right,Sign-Language-Digits-Dataset\Dataset\5\IMG_4538.JPG,train
5_IMG_4549,5,other_digit,3,Right,Sign-Language-Digits-Dataset\Dataset\5\IMG_4549.JPG,train
5_IMG_4559,5,other_digit,3,Right,Sign-Language-Digits-Dataset\Dataset\5\IMG_4559.JPG,train
5_IMG_4569,5,other_digit,3,Right,Sign-Language-Digits-Dataset\Dataset\5\IMG_4569.JPG,train
5_IMG_4579,5,other_digit,3,Right,Sign-Language-Digits-Dataset\Dataset\5\IMG_4579.JPG,train
5_IMG_4589,5,other_digit,3,Right,Sign-Language-Digits-Dataset\Dataset\5\IMG_4589.JPG,train
5_IMG_4599,5,other_digit,3,Right,Sign-Language-Digits-Dataset\Dataset\5\IMG_4599.JPG,train
5_IMG_4619,5,other_digit,3,Right,Sign-Language-Digits-Dataset\Dataset\5\IMG_4619.JPG,train
5_IMG_4629,5,other_digit,3,Right,Sign-Language-Digits-Dataset\Dataset\5\IMG_4629.JPG,train
5_IMG_4639,5,other_digit,3,Right,Sign-Language-Digits-Dataset\Dataset\5\IMG_4639.JPG,train
5_IMG_4699,5,other_digit,3,Right,Sign-Language-Digits-Dataset\Dataset\5\IMG_4699.JPG,train
5_IMG_4710,5,other_digit,3,Right,Sign-Language-Digits-Dataset\Dataset\5\IMG_4710.JPG,train
5_IMG_4720,5,other_digit,3,Right,Sign-Language-Digits-Dataset\Dataset\5\IMG_4720.JPG,train
5_IMG_4740,5,other_digit,3,Right,Sign-Language-Digits-Dataset\Dataset\5\IMG_4740.JPG,train
5_IMG_4760,5,other_digit,3,Right,Sign-Language-Digits-Dataset\Dataset\5\IMG_4760.JPG,train
5_IMG_4770,5,other_digit,3,Right,Sign-Language-Digits-Dataset\Dataset\5\IMG_4770.JPG,train
5_IMG_4791,5,other_digit,3,Left,Sign-Language-Digits-Dataset\Dataset\5\IMG_4791.JPG,train
5_IMG_4801,5,other_digit,3,Right,Sign-Language-Digits-Dataset\Dataset\5\IMG_4801.JPG,train
5_IMG_4811,5,other_digit,3,Right,Sign-Language-Digits-Dataset\Dataset\5\IMG_4811.JPG,train
5_IMG_4821,5,other_digit,3,Right,Sign-Language-Digits-Dataset\Dataset\5\IMG_4821.JPG,train
5_IMG_4841,5,other_digit,3,Right,Sign-Language-Digits-Dataset\Dataset\5\IMG_4841.JPG,train
5_IMG_4851,5,other_digit,3,Right,Sign-Language-Digits-Dataset\Dataset\5\IMG_4851.JPG,train
5_IMG_4861,5,other_digit,3,Right,Sign-Language-Digits-Dataset\Dataset\5\IMG_4861.JPG,train
5_IMG_4871,5,other_digit,3,Right,Sign-Language-Digits-Dataset\Dataset\5\IMG_4871.JPG,train
5_IMG_4881,5,other_digit,3,Right,Sign-Language-Digits-Dataset\Dataset\5\IMG_4881.JPG,train
5_IMG_4891,5,other_digit,3,Right,Sign-Language-Digits-Dataset\Dataset\5\IMG_4891.JPG,train
5_IMG_4901,5,other_digit,3,Right,Sign-Language-Digits-Dataset\Dataset\5\IMG_4901.JPG,train
5_IMG_4911,5,other_digit,3,Right,Sign-Language-Digits-Dataset\Dataset\5\IMG_4911.JPG,train
5_IMG_4931,5,other_digit,3,Right,Sign-Language-Digits-Dataset\Dataset\5\IMG_4931.JPG,train
5_IMG_4951,5,other_digit,3,Right,Sign-Language-Digits-Dataset\Dataset\5\IMG_4951.JPG,train
5_IMG_4971,5,other_digit,3,Right,Sign-Language-Digits-Dataset\Dataset\5\IMG_4971.JPG,train
5_IMG_4981,5,other_digit,3,Right,Sign-Language-Digits-Dataset\Dataset\5\IMG_4981.JPG,train
5_IMG_4991,5,other_digit,3,Right,Sign-Language-Digits-Dataset\Dataset\5\IMG_4991.JPG,train
5_IMG_5002,5,other_digit,3,Right,Sign-Language-Digits-Dataset\Dataset\5\IMG_5002.JPG,train
5_IMG_5012,5,other_digit,3,Right,Sign-Language-Digits-Dataset\Dataset\5\IMG_5012.JPG,train
5_IMG_5022,5,other_digit,3,Right,Sign-Language-Digits-Dataset\Dataset\5\IMG_5022.JPG,train
5_IMG_5048,5,other_digit,3,Right,Sign-Language-Digits-Dataset\Dataset\5\IMG_5048.JPG,train
5_IMG_5058,5,other_digit,3,Left,Sign-Language-Digits-Dataset\Dataset\5\IMG_5058.JPG,train
5_IMG_5080,5,other_digit,3,Right,Sign-Language-Digits-Dataset\Dataset\5\IMG_5080.JPG,train
5_IMG_5106,5,other_digit,3,Right,Sign-Language-Digits-Dataset\Dataset\5\IMG_5106.JPG,train
5_IMG_5127,5,other_digit,3,Right,Sign-Language-Digits-Dataset\Dataset\5\IMG_5127.JPG,train
5_IMG_5137,5,other_digit,3,Right,Sign-Language-Digits-Dataset\Dataset\5\IMG_5137.JPG,train
5_IMG_5147,5,other_digit,3,Right,Sign-Language-Digits-Dataset\Dataset\5\IMG_5147.JPG,train
5_IMG_5168,5,other_digit,3,Right,Sign-Language-Digits-Dataset\Dataset\5\IMG_5168.JPG,train
5_IMG_5178,5,other_digit,3,Right,Sign-Language-Digits-Dataset\Dataset\5\IMG_5178.JPG,train
5_IMG_5188,5,other_digit,3,Right,Sign-Language-Digits-Dataset\Dataset\5\IMG_5188.JPG,train
5_IMG_5198,5,other_digit,3,Right,Sign-Language-Digits-Dataset\Dataset\5\IMG_5198.JPG,train
5_IMG_5208,5,other_digit,3,Right,Sign-Language-Digits-Dataset\Dataset\5\IMG_5208.JPG,train
5_IMG_5218,5,other_digit,3,Right,Sign-Language-Digits-Dataset\Dataset\5\IMG_5218.JPG,train
5_IMG_5228,5,other_digit,3,Right,Sign-Language-Digits-Dataset\Dataset\5\IMG_5228.JPG,train
5_IMG_5239,5,other_digit,3,Right,Sign-Language-Digits-Dataset\Dataset\5\IMG_5239.JPG,train
5_IMG_5290,5,other_digit,3,Right,Sign-Language-Digits-Dataset\Dataset\5\IMG_5290.JPG,train
5_IMG_5302,5,other_digit,3,Right,Sign-Language-Digits-Dataset\Dataset\5\IMG_5302.JPG,train
5_IMG_5313,5,other_digit,3,Right,Sign-Language-Digits-Dataset\Dataset\5\IMG_5313.JPG,train
5_IMG_5323,5,other_digit,3,Right,Sign-Language-Digits-Dataset\Dataset\5\IMG_5323.JPG,train
5_IMG_5334,5,other_digit,3,Right,Sign-Language-Digits-Dataset\Dataset\5\IMG_5334.JPG,train
5_IMG_5345,5,other_digit,3,Right,Sign-Language-Digits-Dataset\Dataset\5\IMG_5345.JPG,train
5_IMG_5355,5,other_digit,3,Right,Sign-Language-Digits-Dataset\Dataset\5\IMG_5355.JPG,train
5_IMG_5365,5,other_digit,3,Right,Sign-Language-Digits-Dataset\Dataset\5\IMG_5365.JPG,train
5_IMG_5375,5,other_digit,3,Right,Sign-Language-Digits-Dataset\Dataset\5\IMG_5375.JPG,train
5_IMG_5385,5,other_digit,3,Right,Sign-Language-Digits-Dataset\Dataset\5\IMG_5385.JPG,train
5_IMG_5395,5,other_digit,3,Right,Sign-Language-Digits-Dataset\Dataset\5\IMG_5395.JPG,train
5_IMG_5405,5,other_digit,3,Right,Sign-Language-Digits-Dataset\Dataset\5\IMG_5405.JPG,train
5_IMG_5417,5,other_digit,3,Right,Sign-Language-Digits-Dataset\Dataset\5\IMG_5417.JPG,train
5_IMG_5451,5,other_digit,3,Right,Sign-Language-Digits-Dataset\Dataset\5\IMG_5451.JPG,train
5_IMG_5461,5,other_digit,3,Right,Sign-Language-Digits-Dataset\Dataset\5\IMG_5461.JPG,train
5_IMG_5471,5,other_digit,3,Right,Sign-Language-Digits-Dataset\Dataset\5\IMG_5471.JPG,train
5_IMG_5481,5,other_digit,3,Right,Sign-Language-Digits-Dataset\Dataset\5\IMG_5481.JPG,train
5_IMG_5502,5,other_digit,3,Right,Sign-Language-Digits-Dataset\Dataset\5\IMG_5502.JPG,train
5_IMG_5512,5,other_digit,3,Right,Sign-Language-Digits-Dataset\Dataset\5\IMG_5512.JPG,train
5_IMG_5522,5,other_digit,3,Right,Sign-Language-Digits-Dataset\Dataset\5\IMG_5522.JPG,train
5_IMG_5542,5,other_digit,3,Right,Sign-Language-Digits-Dataset\Dataset\5\IMG_5542.JPG,train
5_IMG_5557,5,other_digit,3,Right,Sign-Language-Digits-Dataset\Dataset\5\IMG_5557.JPG,train
5_IMG_5577,5,other_digit,3,Right,Sign-Language-Digits-Dataset\Dataset\5\IMG_5577.JPG,train
5_IMG_5597,5,other_digit,3,Right,Sign-Language-Digits-Dataset\Dataset\5\IMG_5597.JPG,train
5_IMG_5620,5,other_digit,3,Right,Sign-Language-Digits-Dataset\Dataset\5\IMG_5620.JPG,train
5_IMG_5630,5,other_digit,3,Right,Sign-Language-Digits-Dataset\Dataset\5\IMG_5630.JPG,train
5_IMG_5640,5,other_digit,3,Right,Sign-Language-Digits-Dataset\Dataset\5\IMG_5640.JPG,train
5_IMG_5650,5,other_digit,3,Right,Sign-Language-Digits-Dataset\Dataset\5\IMG_5650.JPG,train
5_IMG_5660,5,other_digit,3,Right,Sign-Language-Digits-Dataset\Dataset\5\IMG_5660.JPG,train
5_IMG_5670,5,other_digit,3,Right,Sign-Language-Digits-Dataset\Dataset\5\IMG_5670.JPG,train
5_IMG_5680,5,other_digit,3,Right,Sign-Language-Digits-Dataset\Dataset\5\IMG_5680.JPG,train
5_IMG_5690,5,other_digit,3,Right,Sign-Language-Digits-Dataset\Dataset\5\IMG_5690.JPG,train
5_IMG_5700,5,other_digit,3,Right,Sign-Language-Digits-Dataset\Dataset\5\IMG_5700.JPG,train
5_IMG_5721,5,other_digit,3,Right,Sign-Language-Digits-Dataset\Dataset\5\IMG_5721.JPG,train
5_IMG_5741,5,other_digit,3,Right,Sign-Language-Digits-Dataset\Dataset\5\IMG_5741.JPG,train
5_IMG_5751,5,other_digit,3,Right,Sign-Language-Digits-Dataset\Dataset\5\IMG_5751.JPG,train
5_IMG_5761,5,other_digit,3,Right,Sign-Language-Digits-Dataset\Dataset\5\IMG_5761.JPG,train
5_IMG_5771,5,other_digit,3,Right,Sign-Language-Digits-Dataset\Dataset\5\IMG_5771.JPG,train
5_IMG_5781,5,other_digit,3,Right,Sign-Language-Digits-Dataset\Dataset\5\IMG_5781.JPG,train
5_IMG_5791,5,other_digit,3,Right,Sign-Language-Digits-Dataset\Dataset\5\IMG_5791.JPG,train
5_IMG_5801,5,other_digit,3,Right,Sign-Language-Digits-Dataset\Dataset\5\IMG_5801.JPG,train
5_IMG_5811,5,other_digit,3,Right,Sign-Language-Digits-Dataset\Dataset\5\IMG_5811.JPG,train
5_IMG_5821,5,other_digit,3,Right,Sign-Language-Digits-Dataset\Dataset\5\IMG_5821.JPG,train
5_IMG_5852,5,other_digit,3,Right,Sign-Language-Digits-Dataset\Dataset\5\IMG_5852.JPG,train
5_IMG_5862,5,other_digit,3,Right,Sign-Language-Digits-Dataset\Dataset\5\IMG_5862.JPG,train
5_IMG_5872,5,other_digit,3,Right,Sign-Language-Digits-Dataset\Dataset\5\IMG_5872.JPG,train
5_IMG_5882,5,other_digit,3,Right,Sign-Language-Digits-Dataset\Dataset\5\IMG_5882.JPG,train
5_IMG_5892,5,other_digit,3,Right,Sign-Language-Digits-Dataset\Dataset\5\IMG_5892.JPG,train
5_IMG_5902,5,other_digit,3,Right,Sign-Language-Digits-Dataset\Dataset\5\IMG_5902.JPG,train
5_IMG_5923,5,other_digit,3,Right,Sign-Language-Digits-Dataset\Dataset\5\IMG_5923.JPG,train
5_IMG_5945,5,other_digit,3,Right,Sign-Language-Digits-Dataset\Dataset\5\IMG_5945.JPG,train
5_IMG_5955,5,other_digit,3,Right,Sign-Language-Digits-Dataset\Dataset\5\IMG_5955.JPG,train
5_IMG_5965,5,other_digit,3,Right,Sign-Language-Digits-Dataset\Dataset\5\IMG_5965.JPG,train
5_IMG_5986,5,other_digit,3,Right,Sign-Language-Digits-Dataset\Dataset\5\IMG_5986.JPG,train
5_IMG_5996,5,other_digit,3,Right,Sign-Language-Digits-Dataset\Dataset\5\IMG_5996.JPG,train
6_IMG_1134,6,other_digit,3,Right,Sign-Language-Digits-Dataset\Dataset\6\IMG_1134.JPG,train
6_IMG_1164,6,other_digit,3,Right,Sign-Language-Digits-Dataset\Dataset\6\IMG_1164.JPG,train
6_IMG_1175,6,other_digit,3,Right,Sign-Language-Digits-Dataset\Dataset\6\IMG_1175.JPG,train
6_IMG_1185,6,other_digit,3,Right,Sign-Language-Digits-Dataset\Dataset\6\IMG_1185.JPG,train
6_IMG_1205,6,other_digit,3,Right,Sign-Language-Digits-Dataset\Dataset\6\IMG_1205.JPG,train
6_IMG_1235,6,other_digit,3,Right,Sign-Language-Digits-Dataset\Dataset\6\IMG_1235.JPG,train
6_IMG_1245,6,other_digit,3,Right,Sign-Language-Digits-Dataset\Dataset\6\IMG_1245.JPG,train
6_IMG_1266,6,other_digit,3,Right,Sign-Language-Digits-Dataset\Dataset\6\IMG_1266.JPG,train
6_IMG_4045,6,other_digit,3,Right,Sign-Language-Digits-Dataset\Dataset\6\IMG_4045.JPG,train
6_IMG_4065,6,other_digit,3,Right,Sign-Language-Digits-Dataset\Dataset\6\IMG_4065.JPG,train
6_IMG_4085,6,other_digit,3,Right,Sign-Language-Digits-Dataset\Dataset\6\IMG_4085.JPG,train
6_IMG_4105,6,other_digit,3,Right,Sign-Language-Digits-Dataset\Dataset\6\IMG_4105.JPG,train
6_IMG_4165,6,other_digit,3,Right,Sign-Language-Digits-Dataset\Dataset\6\IMG_4165.JPG,train
6_IMG_4187,6,other_digit,3,Right,Sign-Language-Digits-Dataset\Dataset\6\IMG_4187.JPG,train
6_IMG_4199,6,other_digit,3,Right,Sign-Language-Digits-Dataset\Dataset\6\IMG_4199.JPG,train
6_IMG_4209,6,other_digit,3,Right,Sign-Language-Digits-Dataset\Dataset\6\IMG_4209.JPG,train
6_IMG_4219,6,other_digit,3,Right,Sign-Language-Digits-Dataset\Dataset\6\IMG_4219.JPG,train
6_IMG_4239,6,other_digit,3,Right,Sign-Language-Digits-Dataset\Dataset\6\IMG_4239.JPG,train
6_IMG_4250,6,other_digit,3,Right,Sign-Language-Digits-Dataset\Dataset\6\IMG_4250.JPG,train
6_IMG_4272,6,other_digit,3,Right,Sign-Language-Digits-Dataset\Dataset\6\IMG_4272.JPG,train
6_IMG_4282,6,other_digit,3,Right,Sign-Language-Digits-Dataset\Dataset\6\IMG_4282.JPG,train
6_IMG_4302,6,other_digit,3,Right,Sign-Language-Digits-Dataset\Dataset\6\IMG_4302.JPG,train
6_IMG_4323,6,other_digit,3,Right,Sign-Language-Digits-Dataset\Dataset\6\IMG_4323.JPG,train
6_IMG_4334,6,other_digit,3,Right,Sign-Language-Digits-Dataset\Dataset\6\IMG_4334.JPG,train
6_IMG_4344,6,other_digit,3,Right,Sign-Language-Digits-Dataset\Dataset\6\IMG_4344.JPG,train
6_IMG_4354,6,other_digit,3,Right,Sign-Language-Digits-Dataset\Dataset\6\IMG_4354.JPG,train
6_IMG_4387,6,other_digit,3,Right,Sign-Language-Digits-Dataset\Dataset\6\IMG_4387.JPG,train
6_IMG_4419,6,other_digit,3,Right,Sign-Language-Digits-Dataset\Dataset\6\IMG_4419.JPG,train
6_IMG_4430,6,other_digit,3,Right,Sign-Language-Digits-Dataset\Dataset\6\IMG_4430.JPG,train
6_IMG_4442,6,other_digit,3,Right,Sign-Language-Digits-Dataset\Dataset\6\IMG_4442.JPG,train
6_IMG_4452,6,other_digit,3,Right,Sign-Language-Digits-Dataset\Dataset\6\IMG_4452.JPG,train
6_IMG_4472,6,other_digit,3,Right,Sign-Language-Digits-Dataset\Dataset\6\IMG_4472.JPG,train
6_IMG_4512,6,other_digit,3,Right,Sign-Language-Digits-Dataset\Dataset\6\IMG_4512.JPG,train
6_IMG_4539,6,other_digit,3,Right,Sign-Language-Digits-Dataset\Dataset\6\IMG_4539.JPG,train
6_IMG_4590,6,other_digit,3,Right,Sign-Language-Digits-Dataset\Dataset\6\IMG_4590.JPG,train
6_IMG_4650,6,other_digit,3,Right,Sign-Language-Digits-Dataset\Dataset\6\IMG_4650.JPG,train
6_IMG_4690,6,other_digit,3,Right,Sign-Language-Digits-Dataset\Dataset\6\IMG_4690.JPG,train
6_IMG_4700,6,other_digit,3,Right,Sign-Language-Digits-Dataset\Dataset\6\IMG_4700.JPG,train
6_IMG_4711,6,other_digit,3,Right,Sign-Language-Digits-Dataset\Dataset\6\IMG_4711.JPG,train
6_IMG_4721,6,other_digit,3,Right,Sign-Language-Digits-Dataset\Dataset\6\IMG_4721.JPG,train
6_IMG_4761,6,other_digit,3,Right,Sign-Language-Digits-Dataset\Dataset\6\IMG_4761.JPG,train
6_IMG_4782,6,other_digit,3,Right,Sign-Language-Digits-Dataset\Dataset\6\IMG_4782.JPG,train
6_IMG_4792,6,other_digit,3,Right,Sign-Language-Digits-Dataset\Dataset\6\IMG_4792.JPG,train
6_IMG_4802,6,other_digit,3,Right,Sign-Language-Digits-Dataset\Dataset\6\IMG_4802.JPG,train
6_IMG_4822,6,other_digit,3,Right,Sign-Language-Digits-Dataset\Dataset\6\IMG_4822.JPG,train
6_IMG_4832,6,other_digit,3,Right,Sign-Language-Digits-Dataset\Dataset\6\IMG_4832.JPG,train
6_IMG_4842,6,other_digit,3,Right,Sign-Language-Digits-Dataset\Dataset\6\IMG_4842.JPG,train
6_IMG_4902,6,other_digit,3,Right,Sign-Language-Digits-Dataset\Dataset\6\IMG_4902.JPG,train
6_IMG_4912,6,other_digit,3,Right,Sign-Language-Digits-Dataset\Dataset\6\IMG_4912.JPG,train
6_IMG_4942,6,other_digit,3,Right,Sign-Language-Digits-Dataset\Dataset\6\IMG_4942.JPG,train
6_IMG_4992,6,other_digit,3,Right,Sign-Language-Digits-Dataset\Dataset\6\IMG_4992.JPG,train
6_IMG_5003,6,other_digit,3,Right,Sign-Language-Digits-Dataset\Dataset\6\IMG_5003.JPG,train
6_IMG_5013,6,other_digit,3,Right,Sign-Language-Digits-Dataset\Dataset\6\IMG_5013.JPG,train
6_IMG_5023,6,other_digit,3,Right,Sign-Language-Digits-Dataset\Dataset\6\IMG_5023.JPG,train
6_IMG_5037,6,other_digit,3,Right,Sign-Language-Digits-Dataset\Dataset\6\IMG_5037.JPG,train
6_IMG_5049,6,other_digit,3,Right,Sign-Language-Digits-Dataset\Dataset\6\IMG_5049.JPG,train
6_IMG_5059,6,other_digit,3,Right,Sign-Language-Digits-Dataset\Dataset\6\IMG_5059.JPG,train
6_IMG_5081,6,other_digit,3,Right,Sign-Language-Digits-Dataset\Dataset\6\IMG_5081.JPG,train
6_IMG_5097,6,other_digit,3,Right,Sign-Language-Digits-Dataset\Dataset\6\IMG_5097.JPG,train
6_IMG_5117,6,other_digit,3,Right,Sign-Language-Digits-Dataset\Dataset\6\IMG_5117.JPG,train
6_IMG_5128,6,other_digit,3,Right,Sign-Language-Digits-Dataset\Dataset\6\IMG_5128.JPG,train
6_IMG_5138,6,other_digit,3,Right,Sign-Language-Digits-Dataset\Dataset\6\IMG_5138.JPG,train
6_IMG_5148,6,other_digit,3,Right,Sign-Language-Digits-Dataset\Dataset\6\IMG_5148.JPG,train
6_IMG_5158,6,other_digit,3,Right,Sign-Language-Digits-Dataset\Dataset\6\IMG_5158.JPG,train
6_IMG_5199,6,other_digit,3,Right,Sign-Language-Digits-Dataset\Dataset\6\IMG_5199.JPG,train
6_IMG_5209,6,other_digit,3,Right,Sign-Language-Digits-Dataset\Dataset\6\IMG_5209.JPG,train
6_IMG_5251,6,other_digit,3,Right,Sign-Language-Digits-Dataset\Dataset\6\IMG_5251.JPG,train
6_IMG_5262,6,other_digit,3,Right,Sign-Language-Digits-Dataset\Dataset\6\IMG_5262.JPG,train
6_IMG_5272,6,other_digit,3,Right,Sign-Language-Digits-Dataset\Dataset\6\IMG_5272.JPG,train
6_IMG_5282,6,other_digit,3,Right,Sign-Language-Digits-Dataset\Dataset\6\IMG_5282.JPG,train
6_IMG_5303,6,other_digit,3,Right,Sign-Language-Digits-Dataset\Dataset\6\IMG_5303.JPG,train
6_IMG_5314,6,other_digit,3,Right,Sign-Language-Digits-Dataset\Dataset\6\IMG_5314.JPG,train
6_IMG_5324,6,other_digit,3,Right,Sign-Language-Digits-Dataset\Dataset\6\IMG_5324.JPG,train
6_IMG_5335,6,other_digit,3,Right,Sign-Language-Digits-Dataset\Dataset\6\IMG_5335.JPG,train
6_IMG_5346,6,other_digit,3,Right,Sign-Language-Digits-Dataset\Dataset\6\IMG_5346.JPG,train
6_IMG_5356,6,other_digit,3,Right,Sign-Language-Digits-Dataset\Dataset\6\IMG_5356.JPG,train
6_IMG_5366,6,other_digit,3,Left,Sign-Language-Digits-Dataset\Dataset\6\IMG_5366.JPG,train
6_IMG_5376,6,other_digit,3,Right,Sign-Language-Digits-Dataset\Dataset\6\IMG_5376.JPG,train
6_IMG_5396,6,other_digit,3,Right,Sign-Language-Digits-Dataset\Dataset\6\IMG_5396.JPG,train
6_IMG_5418,6,other_digit,3,Right,Sign-Language-Digits-Dataset\Dataset\6\IMG_5418.JPG,train
6_IMG_5428,6,other_digit,3,Right,Sign-Language-Digits-Dataset\Dataset\6\IMG_5428.JPG,train
6_IMG_5452,6,other_digit,3,Right,Sign-Language-Digits-Dataset\Dataset\6\IMG_5452.JPG,train
6_IMG_5462,6,other_digit,3,Right,Sign-Language-Digits-Dataset\Dataset\6\IMG_5462.JPG,train
6_IMG_5472,6,other_digit,3,Right,Sign-Language-Digits-Dataset\Dataset\6\IMG_5472.JPG,train
6_IMG_5482,6,other_digit,3,Right,Sign-Language-Digits-Dataset\Dataset\6\IMG_5482.JPG,train
6_IMG_5493,6,other_digit,3,Right,Sign-Language-Digits-Dataset\Dataset\6\IMG_5493.JPG,train
6_IMG_5503,6,other_digit,3,Right,Sign-Language-Digits-Dataset\Dataset\6\IMG_5503.JPG,train
6_IMG_5533,6,other_digit,3,Right,Sign-Language-Digits-Dataset\Dataset\6\IMG_5533.JPG,train
6_IMG_5558,6,other_digit,3,Right,Sign-Language-Digits-Dataset\Dataset\6\IMG_5558.JPG,train
6_IMG_5568,6,other_digit,3,Right,Sign-Language-Digits-Dataset\Dataset\6\IMG_5568.JPG,train
6_IMG_5578,6,other_digit,3,Right,Sign-Language-Digits-Dataset\Dataset\6\IMG_5578.JPG,train
6_IMG_5598,6,other_digit,3,Right,Sign-Language-Digits-Dataset\Dataset\6\IMG_5598.JPG,train
6_IMG_5651,6,other_digit,3,Right,Sign-Language-Digits-Dataset\Dataset\6\IMG_5651.JPG,train
6_IMG_5661,6,other_digit,3,Right,Sign-Language-Digits-Dataset\Dataset\6\IMG_5661.JPG,train
6_IMG_5671,6,other_digit,3,Right,Sign-Language-Digits-Dataset\Dataset\6\IMG_5671.JPG,train
6_IMG_5681,6,other_digit,3,Right,Sign-Language-Digits-Dataset\Dataset\6\IMG_5681.JPG,train
6_IMG_5701,6,other_digit,3,Right,Sign-Language-Digits-Dataset\Dataset\6\IMG_5701.JPG,train
6_IMG_5722,6,other_digit,3,Right,Sign-Language-Digits-Dataset\Dataset\6\IMG_5722.JPG,train
6_IMG_5732,6,other_digit,3,Right,Sign-Language-Digits-Dataset\Dataset\6\IMG_5732.JPG,train
6_IMG_5762,6,other_digit,3,Right,Sign-Language-Digits-Dataset\Dataset\6\IMG_5762.JPG,train
6_IMG_5782,6,other_digit,3,Right,Sign-Language-Digits-Dataset\Dataset\6\IMG_5782.JPG,train
6_IMG_5792,6,other_digit,3,Right,Sign-Language-Digits-Dataset\Dataset\6\IMG_5792.JPG,train
6_IMG_5802,6,other_digit,3,Right,Sign-Language-Digits-Dataset\Dataset\6\IMG_5802.JPG,train
6_IMG_5812,6,other_digit,3,Right,Sign-Language-Digits-Dataset\Dataset\6\IMG_5812.JPG,train
6_IMG_5832,6,other_digit,3,Right,Sign-Language-Digits-Dataset\Dataset\6\IMG_5832.JPG,train
6_IMG_5873,6,other_digit,3,Right,Sign-Language-Digits-Dataset\Dataset\6\IMG_5873.JPG,train
6_IMG_5893,6,other_digit,3,Right,Sign-Language-Digits-Dataset\Dataset\6\IMG_5893.JPG,train
6_IMG_5903,6,other_digit,3,Right,Sign-Language-Digits-Dataset\Dataset\6\IMG_5903.JPG,train
6_IMG_5914,6,other_digit,3,Right,Sign-Language-Digits-Dataset\Dataset\6\IMG_5914.JPG,train
6_IMG_5934,6,other_digit,3,Right,Sign-Language-Digits-Dataset\Dataset\6\IMG_5934.JPG,train
6_IMG_5946,6,other_digit,3,Right,Sign-Language-Digits-Dataset\Dataset\6\IMG_5946.JPG,train
6_IMG_5956,6,other_digit,3,Left,Sign-Language-Digits-Dataset\Dataset\6\IMG_5956.JPG,train
6_IMG_5966,6,other_digit,3,Right,Sign-Language-Digits-Dataset\Dataset\6\IMG_5966.JPG,train
6_IMG_5987,6,other_digit,3,Right,Sign-Language-Digits-Dataset\Dataset\6\IMG_5987.JPG,train
6_IMG_5997,6,other_digit,3,Right,Sign-Language-Digits-Dataset\Dataset\6\IMG_5997.JPG,train
7_IMG_1125,7,other_digit,3,Right,Sign-Language-Digits-Dataset\Dataset\7\IMG_1125.JPG,train
7_IMG_1145,7,other_digit,3,Right,Sign-Language-Digits-Dataset\Dataset\7\IMG_1145.JPG,train
7_IMG_1165,7,other_digit,3,Right,Sign-Language-Digits-Dataset\Dataset\7\IMG_1165.JPG,train
7_IMG_1176,7,other_digit,3,Right,Sign-Language-Digits-Dataset\Dataset\7\IMG_1176.JPG,train
7_IMG_1186,7,other_digit,3,Right,Sign-Language-Digits-Dataset\Dataset\7\IMG_1186.JPG,train
7_IMG_1206,7,other_digit,3,Right,Sign-Language-Digits-Dataset\Dataset\7\IMG_1206.JPG,train
7_IMG_1216,7,other_digit,3,Right,Sign-Language-Digits-Dataset\Dataset\7\IMG_1216.JPG,train
7_IMG_1236,7,other_digit,3,Right,Sign-Language-Digits-Dataset\Dataset\7\IMG_1236.JPG,train
7_IMG_1246,7,other_digit,3,Right,Sign-Language-Digits-Dataset\Dataset\7\IMG_1246.JPG,train
7_IMG_1309,7,other_digit,3,Right,Sign-Language-Digits-Dataset\Dataset\7\IMG_1309.JPG,train
7_IMG_1319,7,other_digit,3,Right,Sign-Language-Digits-Dataset\Dataset\7\IMG_1319.JPG,train
7_IMG_4056,7,other_digit,3,Right,Sign-Language-Digits-Dataset\Dataset\7\IMG_4056.JPG,train
7_IMG_4066,7,other_digit,3,Right,Sign-Language-Digits-Dataset\Dataset\7\IMG_4066.JPG,train
7_IMG_4076,7,other_digit,3,Right,Sign-Language-Digits-Dataset\Dataset\7\IMG_4076.JPG,train
7_IMG_4096,7,other_digit,3,Right,Sign-Language-Digits-Dataset\Dataset\7\IMG_4096.JPG,train
7_IMG_4106,7,other_digit,3,Right,Sign-Language-Digits-Dataset\Dataset\7\IMG_4106.JPG,train
7_IMG_4126,7,other_digit,3,Right,Sign-Language-Digits-Dataset\Dataset\7\IMG_4126.JPG,train
7_IMG_4166,7,other_digit,3,Right,Sign-Language-Digits-Dataset\Dataset\7\IMG_4166.JPG,train
7_IMG_4178,7,other_digit,3,Right,Sign-Language-Digits-Dataset\Dataset\7\IMG_4178.JPG,train
7_IMG_4188,7,other_digit,3,Right,Sign-Language-Digits-Dataset\Dataset\7\IMG_4188.JPG,train
7_IMG_4200,7,other_digit,3,Right,Sign-Language-Digits-Dataset\Dataset\7\IMG_4200.JPG,train
7_IMG_4230,7,other_digit,3,Right,Sign-Language-Digits-Dataset\Dataset\7\IMG_4230.JPG,train
7_IMG_4262,7,other_digit,3,Right,Sign-Language-Digits-Dataset\Dataset\7\IMG_4262.JPG,train
7_IMG_4273,7,other_digit,3,Right,Sign-Language-Digits-Dataset\Dataset\7\IMG_4273.JPG,train
7_IMG_4283,7,other_digit,3,Right,Sign-Language-Digits-Dataset\Dataset\7\IMG_4283.JPG,train
7_IMG_4293,7,other_digit,3,Right,Sign-Language-Digits-Dataset\Dataset\7\IMG_4293.JPG,train
7_IMG_4313,7,other_digit,3,Right,Sign-Language-Digits-Dataset\Dataset\7\IMG_4313.JPG,train
7_IMG_4324,7,other_digit,3,Right,Sign-Language-Digits-Dataset\Dataset\7\IMG_4324.JPG,train
7_IMG_4345,7,other_digit,3,Right,Sign-Language-Digits-Dataset\Dataset\7\IMG_4345.JPG,train
7_IMG_4355,7,other_digit,3,Right,Sign-Language-Digits-Dataset\Dataset\7\IMG_4355.JPG,train
7_IMG_4366,7,other_digit,3,Right,Sign-Language-Digits-Dataset\Dataset\7\IMG_4366.JPG,train
7_IMG_4388,7,other_digit,3,Right,Sign-Language-Digits-Dataset\Dataset\7\IMG_4388.JPG,train
7_IMG_4410,7,other_digit,3,Left,Sign-Language-Digits-Dataset\Dataset\7\IMG_4410.JPG,train
7_IMG_4420,7,other_digit,3,Right,Sign-Language-Digits-Dataset\Dataset\7\IMG_4420.JPG,train
7_IMG_4443,7,other_digit,3,Right,Sign-Language-Digits-Dataset\Dataset\7\IMG_4443.JPG,train
7_IMG_4473,7,other_digit,3,Right,Sign-Language-Digits-Dataset\Dataset\7\IMG_4473.JPG,train
7_IMG_4493,7,other_digit,3,Right,Sign-Language-Digits-Dataset\Dataset\7\IMG_4493.JPG,train
7_IMG_4513,7,other_digit,3,Right,Sign-Language-Digits-Dataset\Dataset\7\IMG_4513.JPG,train
7_IMG_4540,7,other_digit,3,Right,Sign-Language-Digits-Dataset\Dataset\7\IMG_4540.JPG,train
7_IMG_4571,7,other_digit,3,Right,Sign-Language-Digits-Dataset\Dataset\7\IMG_4571.JPG,train
7_IMG_4581,7,other_digit,3,Right,Sign-Language-Digits-Dataset\Dataset\7\IMG_4581.JPG,train
7_IMG_4591,7,other_digit,3,Right,Sign-Language-Digits-Dataset\Dataset\7\IMG_4591.JPG,train
7_IMG_4601,7,other_digit,3,Right,Sign-Language-Digits-Dataset\Dataset\7\IMG_4601.JPG,train
7_IMG_4611,7,other_digit,3,Right,Sign-Language-Digits-Dataset\Dataset\7\IMG_4611.JPG,train
7_IMG_4621,7,other_digit,3,Right,Sign-Language-Digits-Dataset\Dataset\7\IMG_4621.JPG,train
7_IMG_4631,7,other_digit,3,Right,Sign-Language-Digits-Dataset\Dataset\7\IMG_4631.JPG,train
7_IMG_4641,7,other_digit,3,Right,Sign-Language-Digits-Dataset\Dataset\7\IMG_4641.JPG,train
7_IMG_4651,7,other_digit,3,Right,Sign-Language-Digits-Dataset\Dataset\7\IMG_4651.JPG,train
7_IMG_4681,7,other_digit,3,Right,Sign-Language-Digits-Dataset\Dataset\7\IMG_4681.JPG,train
7_IMG_4691,7,other_digit,3,Right,Sign-Language-Digits-Dataset\Dataset\7\IMG_4691.JPG,train
7_IMG_4712,7,other_digit,3,Right,Sign-Language-Digits-Dataset\Dataset\7\IMG_4712.JPG,train
7_IMG_4742,7,other_digit,3,Right,Sign-Language-Digits-Dataset\Dataset\7\IMG_4742.JPG,train
7_IMG_4752,7,other_digit,3,Right,Sign-Language-Digits-Dataset\Dataset\7\IMG_4752.JPG,train
7_IMG_4762,7,other_digit,3,Right,Sign-Language-Digits-Dataset\Dataset\7\IMG_4762.JPG,train
7_IMG_4772,7,other_digit,3,Right,Sign-Language-Digits-Dataset\Dataset\7\IMG_4772.JPG,train
7_IMG_4793,7,other_digit,3,Right,Sign-Language-Digits-Dataset\Dataset\7\IMG_4793.JPG,train
7_IMG_4823,7,other_digit,3,Right,Sign-Language-Digits-Dataset\Dataset\7\IMG_4823.JPG,train
7_IMG_4843,7,other_digit,3,Right,Sign-Language-Digits-Dataset\Dataset\7\IMG_4843.JPG,train
7_IMG_4873,7,other_digit,3,Right,Sign-Language-Digits-Dataset\Dataset\7\IMG_4873.JPG,train
7_IMG_4903,7,other_digit,3,Right,Sign-Language-Digits-Dataset\Dataset\7\IMG_4903.JPG,train
7_IMG_4913,7,other_digit,3,Right,Sign-Language-Digits-Dataset\Dataset\7\IMG_4913.JPG,train
7_IMG_4933,7,other_digit,3,Right,Sign-Language-Digits-Dataset\Dataset\7\IMG_4933.JPG,train
7_IMG_4943,7,other_digit,3,Right,Sign-Language-Digits-Dataset\Dataset\7\IMG_4943.JPG,train
7_IMG_4952,7,other_digit,3,Right,Sign-Language-Digits-Dataset\Dataset\7\IMG_4952.JPG,train
7_IMG_4963,7,other_digit,3,Left,Sign-Language-Digits-Dataset\Dataset\7\IMG_4963.JPG,train
7_IMG_4973,7,other_digit,3,Right,Sign-Language-Digits-Dataset\Dataset\7\IMG_4973.JPG,train
7_IMG_5014,7,other_digit,3,Right,Sign-Language-Digits-Dataset\Dataset\7\IMG_5014.JPG,train
7_IMG_5024,7,other_digit,3,Right,Sign-Language-Digits-Dataset\Dataset\7\IMG_5024.JPG,train
7_IMG_5050,7,other_digit,3,Right,Sign-Language-Digits-Dataset\Dataset\7\IMG_5050.JPG,train
7_IMG_5060,7,other_digit,3,Right,Sign-Language-Digits-Dataset\Dataset\7\IMG_5060.JPG,train
7_IMG_5070,7,other_digit,3,Right,Sign-Language-Digits-Dataset\Dataset\7\IMG_5070.JPG,train
7_IMG_5082,7,other_digit,3,Right,Sign-Language-Digits-Dataset\Dataset\7\IMG_5082.JPG,train
7_IMG_5098,7,other_digit,3,Right,Sign-Language-Digits-Dataset\Dataset\7\IMG_5098.JPG,train
7_IMG_5118,7,other_digit,3,Right,Sign-Language-Digits-Dataset\Dataset\7\IMG_5118.JPG,train
7_IMG_5160,7,other_digit,3,Right,Sign-Language-Digits-Dataset\Dataset\7\IMG_5160.JPG,train
7_IMG_5190,7,other_digit,3,Right,Sign-Language-Digits-Dataset\Dataset\7\IMG_5190.JPG,train
7_IMG_5210,7,other_digit,3,Right,Sign-Language-Digits-Dataset\Dataset\7\IMG_5210.JPG,train
7_IMG_5220,7,other_digit,3,Right,Sign-Language-Digits-Dataset\Dataset\7\IMG_5220.JPG,train
7_IMG_5252,7,other_digit,3,Right,Sign-Language-Digits-Dataset\Dataset\7\IMG_5252.JPG,train
7_IMG_5283,7,other_digit,3,Right,Sign-Language-Digits-Dataset\Dataset\7\IMG_5283.JPG,train
7_IMG_5294,7,other_digit,3,Right,Sign-Language-Digits-Dataset\Dataset\7\IMG_5294.JPG,train
7_IMG_5305,7,other_digit,3,Right,Sign-Language-Digits-Dataset\Dataset\7\IMG_5305.JPG,train
7_IMG_5315,7,other_digit,3,Right,Sign-Language-Digits-Dataset\Dataset\7\IMG_5315.JPG,train
7_IMG_5336,7,other_digit,3,Right,Sign-Language-Digits-Dataset\Dataset\7\IMG_5336.JPG,train
7_IMG_5347,7,other_digit,3,Right,Sign-Language-Digits-Dataset\Dataset\7\IMG_5347.JPG,train
7_IMG_5357,7,other_digit,3,Right,Sign-Language-Digits-Dataset\Dataset\7\IMG_5357.JPG,train
7_IMG_5367,7,other_digit,3,Right,Sign-Language-Digits-Dataset\Dataset\7\IMG_5367.JPG,train
7_IMG_5377,7,other_digit,3,Right,Sign-Language-Digits-Dataset\Dataset\7\IMG_5377.JPG,train
7_IMG_5387,7,other_digit,3,Right,Sign-Language-Digits-Dataset\Dataset\7\IMG_5387.JPG,train
7_IMG_5397,7,other_digit,3,Right,Sign-Language-Digits-Dataset\Dataset\7\IMG_5397.JPG,train
7_IMG_5419,7,other_digit,3,Right,Sign-Language-Digits-Dataset\Dataset\7\IMG_5419.JPG,train
7_IMG_5429,7,other_digit,3,Right,Sign-Language-Digits-Dataset\Dataset\7\IMG_5429.JPG,train
7_IMG_5453,7,other_digit,3,Right,Sign-Language-Digits-Dataset\Dataset\7\IMG_5453.JPG,train
7_IMG_5473,7,other_digit,3,Right,Sign-Language-Digits-Dataset\Dataset\7\IMG_5473.JPG,train
7_IMG_5483,7,other_digit,3,Right,Sign-Language-Digits-Dataset\Dataset\7\IMG_5483.JPG,train
7_IMG_5494,7,other_digit,3,Right,Sign-Language-Digits-Dataset\Dataset\7\IMG_5494.JPG,train
7_IMG_5504,7,other_digit,3,Right,Sign-Language-Digits-Dataset\Dataset\7\IMG_5504.JPG,train
7_IMG_5514,7,other_digit,3,Right,Sign-Language-Digits-Dataset\Dataset\7\IMG_5514.JPG,train
7_IMG_5544,7,other_digit,3,Right,Sign-Language-Digits-Dataset\Dataset\7\IMG_5544.JPG,train
7_IMG_5569,7,other_digit,3,Right,Sign-Language-Digits-Dataset\Dataset\7\IMG_5569.JPG,train
7_IMG_5579,7,other_digit,3,Right,Sign-Language-Digits-Dataset\Dataset\7\IMG_5579.JPG,train
7_IMG_5589,7,other_digit,3,Right,Sign-Language-Digits-Dataset\Dataset\7\IMG_5589.JPG,train
7_IMG_5599,7,other_digit,3,Right,Sign-Language-Digits-Dataset\Dataset\7\IMG_5599.JPG,train
7_IMG_5612,7,other_digit,3,Right,Sign-Language-Digits-Dataset\Dataset\7\IMG_5612.JPG,train
7_IMG_5622,7,other_digit,3,Right,Sign-Language-Digits-Dataset\Dataset\7\IMG_5622.JPG,train
7_IMG_5632,7,other_digit,3,Right,Sign-Language-Digits-Dataset\Dataset\7\IMG_5632.JPG,train
7_IMG_5642,7,other_digit,3,Right,Sign-Language-Digits-Dataset\Dataset\7\IMG_5642.JPG,train
7_IMG_5672,7,other_digit,3,Right,Sign-Language-Digits-Dataset\Dataset\7\IMG_5672.JPG,train
7_IMG_5682,7,other_digit,3,Right,Sign-Language-Digits-Dataset\Dataset\7\IMG_5682.JPG,train
7_IMG_5702,7,other_digit,3,Right,Sign-Language-Digits-Dataset\Dataset\7\IMG_5702.JPG,train
7_IMG_5733,7,other_digit,3,Right,Sign-Language-Digits-Dataset\Dataset\7\IMG_5733.JPG,train
7_IMG_5753,7,other_digit,3,Right,Sign-Language-Digits-Dataset\Dataset\7\IMG_5753.JPG,train
7_IMG_5773,7,other_digit,3,Right,Sign-Language-Digits-Dataset\Dataset\7\IMG_5773.JPG,train
7_IMG_5783,7,other_digit,3,Right,Sign-Language-Digits-Dataset\Dataset\7\IMG_5783.JPG,train
7_IMG_5803,7,other_digit,3,Right,Sign-Language-Digits-Dataset\Dataset\7\IMG_5803.JPG,train
7_IMG_5813,7,other_digit,3,Right,Sign-Language-Digits-Dataset\Dataset\7\IMG_5813.JPG,train
7_IMG_5833,7,other_digit,3,Right,Sign-Language-Digits-Dataset\Dataset\7\IMG_5833.JPG,train
7_IMG_5864,7,other_digit,3,Right,Sign-Language-Digits-Dataset\Dataset\7\IMG_5864.JPG,train
7_IMG_5894,7,other_digit,3,Right,Sign-Language-Digits-Dataset\Dataset\7\IMG_5894.JPG,train
7_IMG_5904,7,other_digit,3,Right,Sign-Language-Digits-Dataset\Dataset\7\IMG_5904.JPG,train
7_IMG_5915,7,other_digit,3,Right,Sign-Language-Digits-Dataset\Dataset\7\IMG_5915.JPG,train
7_IMG_5935,7,other_digit,3,Right,Sign-Language-Digits-Dataset\Dataset\7\IMG_5935.JPG,train
7_IMG_5947,7,other_digit,3,Right,Sign-Language-Digits-Dataset\Dataset\7\IMG_5947.JPG,train
7_IMG_5988,7,other_digit,3,Right,Sign-Language-Digits-Dataset\Dataset\7\IMG_5988.JPG,train
8_IMG_1126,8,other_digit,3,Right,Sign-Language-Digits-Dataset\Dataset\8\IMG_1126.JPG,train
8_IMG_1146,8,other_digit,3,Right,Sign-Language-Digits-Dataset\Dataset\8\IMG_1146.JPG,train
8_IMG_1166,8,other_digit,3,Right,Sign-Language-Digits-Dataset\Dataset\8\IMG_1166.JPG,train
8_IMG_1177,8,other_digit,3,Right,Sign-Language-Digits-Dataset\Dataset\8\IMG_1177.JPG,train
8_IMG_1187,8,other_digit,3,Right,Sign-Language-Digits-Dataset\Dataset\8\IMG_1187.JPG,train
8_IMG_1217,8,other_digit,3,Right,Sign-Language-Digits-Dataset\Dataset\8\IMG_1217.JPG,train
8_IMG_1247,8,other_digit,3,Right,Sign-Language-Digits-Dataset\Dataset\8\IMG_1247.JPG,train
8_IMG_1268,8,other_digit,3,Right,Sign-Language-Digits-Dataset\Dataset\8\IMG_1268.JPG,train
8_IMG_1288,8,other_digit,3,Right,Sign-Language-Digits-Dataset\Dataset\8\IMG_1288.JPG,train
8_IMG_1299,8,other_digit,3,Right,Sign-Language-Digits-Dataset\Dataset\8\IMG_1299.JPG,train
8_IMG_1320,8,other_digit,3,Right,Sign-Language-Digits-Dataset\Dataset\8\IMG_1320.JPG,train
8_IMG_1330,8,other_digit,3,Right,Sign-Language-Digits-Dataset\Dataset\8\IMG_1330.JPG,train
8_IMG_4057,8,other_digit,3,Right,Sign-Language-Digits-Dataset\Dataset\8\IMG_4057.JPG,train
8_IMG_4067,8,other_digit,3,Right,Sign-Language-Digits-Dataset\Dataset\8\IMG_4067.JPG,train
8_IMG_4077,8,other_digit,3,Right,Sign-Language-Digits-Dataset\Dataset\8\IMG_4077.JPG,train
8_IMG_4087,8,other_digit,3,Right,Sign-Language-Digits-Dataset\Dataset\8\IMG_4087.JPG,train
8_IMG_4097,8,other_digit,3,Right,Sign-Language-Digits-Dataset\Dataset\8\IMG_4097.JPG,train
8_IMG_4127,8,other_digit,3,Right,Sign-Language-Digits-Dataset\Dataset\8\IMG_4127.JPG,train
8_IMG_4137,8,other_digit,3,Right,Sign-Language-Digits-Dataset\Dataset\8\IMG_4137.JPG,train
8_IMG_4147,8,other_digit,3,Right,Sign-Language-Digits-Dataset\Dataset\8\IMG_4147.JPG,train
8_IMG_4157,8,other_digit,3,Right,Sign-Language-Digits-Dataset\Dataset\8\IMG_4157.JPG,train
8_IMG_4167,8,other_digit,3,Right,Sign-Language-Digits-Dataset\Dataset\8\IMG_4167.JPG,train
8_IMG_4179,8,other_digit,3,Right,Sign-Language-Digits-Dataset\Dataset\8\IMG_4179.JPG,train
8_IMG_4211,8,other_digit,3,Right,Sign-Language-Digits-Dataset\Dataset\8\IMG_4211.JPG,train
8_IMG_4231,8,other_digit,3,Right,Sign-Language-Digits-Dataset\Dataset\8\IMG_4231.JPG,train
8_IMG_4241,8,other_digit,3,Right,Sign-Language-Digits-Dataset\Dataset\8\IMG_4241.JPG,train
8_IMG_4252,8,other_digit,3,Right,Sign-Language-Digits-Dataset\Dataset\8\IMG_4252.JPG,train
8_IMG_4274,8,other_digit,3,Right,Sign-Language-Digits-Dataset\Dataset\8\IMG_4274.JPG,train
8_IMG_4284,8,other_digit,3,Right,Sign-Language-Digits-Dataset\Dataset\8\IMG_4284.JPG,train
8_IMG_4304,8,other_digit,3,Right,Sign-Language-Digits-Dataset\Dataset\8\IMG_4304.JPG,train
8_IMG_4325,8,other_digit,3,Right,Sign-Language-Digits-Dataset\Dataset\8\IMG_4325.JPG,train
8_IMG_4336,8,other_digit,3,Right,Sign-Language-Digits-Dataset\Dataset\8\IMG_4336.JPG,train
8_IMG_4356,8,other_digit,3,Right,Sign-Language-Digits-Dataset\Dataset\8\IMG_4356.JPG,train
8_IMG_4367,8,other_digit,3,Right,Sign-Language-Digits-Dataset\Dataset\8\IMG_4367.JPG,train
8_IMG_4378,8,other_digit,3,Right,Sign-Language-Digits-Dataset\Dataset\8\IMG_4378.JPG,train
8_IMG_4389,8,other_digit,3,Right,Sign-Language-Digits-Dataset\Dataset\8\IMG_4389.JPG,train
8_IMG_4399,8,other_digit,3,Right,Sign-Language-Digits-Dataset\Dataset\8\IMG_4399.JPG,train
8_IMG_4421,8,other_digit,3,Right,Sign-Language-Digits-Dataset\Dataset\8\IMG_4421.JPG,train
8_IMG_4444,8,other_digit,3,Right,Sign-Language-Digits-Dataset\Dataset\8\IMG_4444.JPG,train
8_IMG_4474,8,other_digit,3,Right,Sign-Language-Digits-Dataset\Dataset\8\IMG_4474.JPG,train
8_IMG_4494,8,other_digit,3,Right,Sign-Language-Digits-Dataset\Dataset\8\IMG_4494.JPG,train
8_IMG_4514,8,other_digit,3,Right,Sign-Language-Digits-Dataset\Dataset\8\IMG_4514.JPG,train
8_IMG_4552,8,other_digit,3,Right,Sign-Language-Digits-Dataset\Dataset\8\IMG_4552.JPG,train
8_IMG_4562,8,other_digit,3,Right,Sign-Language-Digits-Dataset\Dataset\8\IMG_4562.JPG,train
8_IMG_4583,8,other_digit,3,Right,Sign-Language-Digits-Dataset\Dataset\8\IMG_4583.JPG,train
8_IMG_4592,8,other_digit,3,Right,Sign-Language-Digits-Dataset\Dataset\8\IMG_4592.JPG,train
8_IMG_4602,8,other_digit,3,Right,Sign-Language-Digits-Dataset\Dataset\8\IMG_4602.JPG,train
8_IMG_4622,8,other_digit,3,Right,Sign-Language-Digits-Dataset\Dataset\8\IMG_4622.JPG,train
8_IMG_4682,8,other_digit,3,Right,Sign-Language-Digits-Dataset\Dataset\8\IMG_4682.JPG,train
8_IMG_4692,8,other_digit,3,Right,Sign-Language-Digits-Dataset\Dataset\8\IMG_4692.JPG,train
8_IMG_4702,8,other_digit,3,Right,Sign-Language-Digits-Dataset\Dataset\8\IMG_4702.JPG,train
8_IMG_4723,8,other_digit,3,Right,Sign-Language-Digits-Dataset\Dataset\8\IMG_4723.JPG,train
8_IMG_4753,8,other_digit,3,Right,Sign-Language-Digits-Dataset\Dataset\8\IMG_4753.JPG,train
8_IMG_4774,8,other_digit,3,Right,Sign-Language-Digits-Dataset\Dataset\8\IMG_4774.JPG,train
8_IMG_4794,8,other_digit,3,Right,Sign-Language-Digits-Dataset\Dataset\8\IMG_4794.JPG,train
8_IMG_4814,8,other_digit,3,Right,Sign-Language-Digits-Dataset\Dataset\8\IMG_4814.JPG,train
8_IMG_4824,8,other_digit,3,Right,Sign-Language-Digits-Dataset\Dataset\8\IMG_4824.JPG,train
8_IMG_4834,8,other_digit,3,Right,Sign-Language-Digits-Dataset\Dataset\8\IMG_4834.JPG,train
8_IMG_4854,8,other_digit,3,Right,Sign-Language-Digits-Dataset\Dataset\8\IMG_4854.JPG,train
8_IMG_4874,8,other_digit,3,Right,Sign-Language-Digits-Dataset\Dataset\8\IMG_4874.JPG,train
8_IMG_4884,8,other_digit,3,Right,Sign-Language-Digits-Dataset\Dataset\8\IMG_4884.JPG,train
8_IMG_4894,8,other_digit,3,Right,Sign-Language-Digits-Dataset\Dataset\8\IMG_4894.JPG,train
8_IMG_4904,8,other_digit,3,Right,Sign-Language-Digits-Dataset\Dataset\8\IMG_4904.JPG,train
8_IMG_4924,8,other_digit,3,Right,Sign-Language-Digits-Dataset\Dataset\8\IMG_4924.JPG,train
8_IMG_4944,8,other_digit,3,Right,Sign-Language-Digits-Dataset\Dataset\8\IMG_4944.JPG,train
8_IMG_4954,8,other_digit,3,Right,Sign-Language-Digits-Dataset\Dataset\8\IMG_4954.JPG,train
8_IMG_4964,8,other_digit,3,Right,Sign-Language-Digits-Dataset\Dataset\8\IMG_4964.JPG,train
8_IMG_4994,8,other_digit,3,Right,Sign-Language-Digits-Dataset\Dataset\8\IMG_4994.JPG,train
8_IMG_5015,8,other_digit,3,Right,Sign-Language-Digits-Dataset\Dataset\8\IMG_5015.JPG,train
8_IMG_5025,8,other_digit,3,Right,Sign-Language-Digits-Dataset\Dataset\8\IMG_5025.JPG,train
8_IMG_5039,8,other_digit,3,Right,Sign-Language-Digits-Dataset\Dataset\8\IMG_5039.JPG,train
8_IMG_5051,8,other_digit,3,Right,Sign-Language-Digits-Dataset\Dataset\8\IMG_5051.JPG,train
8_IMG_5061,8,other_digit,3,Right,Sign-Language-Digits-Dataset\Dataset\8\IMG_5061.JPG,train
8_IMG_5099,8,other_digit,3,Right,Sign-Language-Digits-Dataset\Dataset\8\IMG_5099.JPG,train
8_IMG_5119,8,other_digit,3,Right,Sign-Language-Digits-Dataset\Dataset\8\IMG_5119.JPG,train
8_IMG_5140,8,other_digit,3,Right,Sign-Language-Digits-Dataset\Dataset\8\IMG_5140.JPG,train
8_IMG_5161,8,other_digit,3,Right,Sign-Language-Digits-Dataset\Dataset\8\IMG_5161.JPG,train
8_IMG_5171,8,other_digit,3,Right,Sign-Language-Digits-Dataset\Dataset\8\IMG_5171.JPG,train
8_IMG_5181,8,other_digit,3,Right,Sign-Language-Digits-Dataset\Dataset\8\IMG_5181.JPG,train
8_IMG_5191,8,other_digit,3,Right,Sign-Language-Digits-Dataset\Dataset\8\IMG_5191.JPG,train
8_IMG_5201,8,other_digit,3,Right,Sign-Language-Digits-Dataset\Dataset\8\IMG_5201.JPG,train
8_IMG_5221,8,other_digit,3,Right,Sign-Language-Digits-Dataset\Dataset\8\IMG_5221.JPG,train
8_IMG_5231,8,other_digit,3,Right,Sign-Language-Digits-Dataset\Dataset\8\IMG_5231.JPG,train
8_IMG_5253,8,other_digit,3,Right,Sign-Language-Digits-Dataset\Dataset\8\IMG_5253.JPG,train
8_IMG_5264,8,other_digit,3,Right,Sign-Language-Digits-Dataset\Dataset\8\IMG_5264.JPG,train
8_IMG_5274,8,other_digit,3,Right,Sign-Language-Digits-Dataset\Dataset\8\IMG_5274.JPG,train
8_IMG_5295,8,other_digit,3,Right,Sign-Language-Digits-Dataset\Dataset\8\IMG_5295.JPG,train
8_IMG_5306,8,other_digit,3,Right,Sign-Language-Digits-Dataset\Dataset\8\IMG_5306.JPG,train
8_IMG_5316,8,other_digit,3,Right,Sign-Language-Digits-Dataset\Dataset\8\IMG_5316.JPG,train
8_IMG_5326,8,other_digit,3,Right,Sign-Language-Digits-Dataset\Dataset\8\IMG_5326.JPG,train
8_IMG_5337,8,other_digit,3,Right,Sign-Language-Digits-Dataset\Dataset\8\IMG_5337.JPG,train
8_IMG_5348,8,other_digit,3,Right,Sign-Language-Digits-Dataset\Dataset\8\IMG_5348.JPG,train
8_IMG_5378,8,other_digit,3,Right,Sign-Language-Digits-Dataset\Dataset\8\IMG_5378.JPG,train
8_IMG_5430,8,other_digit,3,Right,Sign-Language-Digits-Dataset\Dataset\8\IMG_5430.JPG,train
8_IMG_5464,8,other_digit,3,Right,Sign-Language-Digits-Dataset\Dataset\8\IMG_5464.JPG,train
8_IMG_5474,8,other_digit,3,Right,Sign-Language-Digits-Dataset\Dataset\8\IMG_5474.JPG,train
8_IMG_5495,8,other_digit,3,Right,Sign-Language-Digits-Dataset\Dataset\8\IMG_5495.JPG,train
8_IMG_5505,8,other_digit,3,Right,Sign-Language-Digits-Dataset\Dataset\8\IMG_5505.JPG,train
8_IMG_5525,8,other_digit,3,Right,Sign-Language-Digits-Dataset\Dataset\8\IMG_5525.JPG,train
8_IMG_5545,8,other_digit,3,Right,Sign-Language-Digits-Dataset\Dataset\8\IMG_5545.JPG,train
8_IMG_5560,8,other_digit,3,Right,Sign-Language-Digits-Dataset\Dataset\8\IMG_5560.JPG,train
8_IMG_5590,8,other_digit,3,Right,Sign-Language-Digits-Dataset\Dataset\8\IMG_5590.JPG,train
8_IMG_5600,8,other_digit,3,Right,Sign-Language-Digits-Dataset\Dataset\8\IMG_5600.JPG,train
8_IMG_5613,8,other_digit,3,Right,Sign-Language-Digits-Dataset\Dataset\8\IMG_5613.JPG,train
8_IMG_5623,8,other_digit,3,Right,Sign-Language-Digits-Dataset\Dataset\8\IMG_5623.JPG,train
8_IMG_5633,8,other_digit,3,Right,Sign-Language-Digits-Dataset\Dataset\8\IMG_5633.JPG,train
8_IMG_5653,8,other_digit,3,Right,Sign-Language-Digits-Dataset\Dataset\8\IMG_5653.JPG,train
8_IMG_5663,8,other_digit,3,Right,Sign-Language-Digits-Dataset\Dataset\8\IMG_5663.JPG,train
8_IMG_5673,8,other_digit,3,Right,Sign-Language-Digits-Dataset\Dataset\8\IMG_5673.JPG,train
8_IMG_5683,8,other_digit,3,Right,Sign-Language-Digits-Dataset\Dataset\8\IMG_5683.JPG,train
8_IMG_5693,8,other_digit,3,Right,Sign-Language-Digits-Dataset\Dataset\8\IMG_5693.JPG,train
8_IMG_5703,8,other_digit,3,Right,Sign-Language-Digits-Dataset\Dataset\8\IMG_5703.JPG,train
8_IMG_5734,8,other_digit,3,Right,Sign-Language-Digits-Dataset\Dataset\8\IMG_5734.JPG,train
8_IMG_5744,8,other_digit,3,Right,Sign-Language-Digits-Dataset\Dataset\8\IMG_5744.JPG,train
8_IMG_5754,8,other_digit,3,Right,Sign-Language-Digits-Dataset\Dataset\8\IMG_5754.JPG,train
8_IMG_5774,8,other_digit,3,Right,Sign-Language-Digits-Dataset\Dataset\8\IMG_5774.JPG,train
8_IMG_5824,8,other_digit,3,Right,Sign-Language-Digits-Dataset\Dataset\8\IMG_5824.JPG,train
8_IMG_5834,8,other_digit,3,Right,Sign-Language-Digits-Dataset\Dataset\8\IMG_5834.JPG,train
8_IMG_5845,8,other_digit,3,Right,Sign-Language-Digits-Dataset\Dataset\8\IMG_5845.JPG,train
8_IMG_5855,8,other_digit,3,Right,Sign-Language-Digits-Dataset\Dataset\8\IMG_5855.JPG,train
8_IMG_5875,8,other_digit,3,Right,Sign-Language-Digits-Dataset\Dataset\8\IMG_5875.JPG,train
8_IMG_5895,8,other_digit,3,Right,Sign-Language-Digits-Dataset\Dataset\8\IMG_5895.JPG,train
8_IMG_5905,8,other_digit,3,Right,Sign-Language-Digits-Dataset\Dataset\8\IMG_5905.JPG,train
8_IMG_5926,8,other_digit,3,Right,Sign-Language-Digits-Dataset\Dataset\8\IMG_5926.JPG,train
8_IMG_5936,8,other_digit,3,Right,Sign-Language-Digits-Dataset\Dataset\8\IMG_5936.JPG,train
8_IMG_5948,8,other_digit,3,Right,Sign-Language-Digits-Dataset\Dataset\8\IMG_5948.JPG,train
8_IMG_5979,8,other_digit,3,Right,Sign-Language-Digits-Dataset\Dataset\8\IMG_5979.JPG,train
8_IMG_5989,8,other_digit,3,Right,Sign-Language-Digits-Dataset\Dataset\8\IMG_5989.JPG,train
8_IMG_5999,8,other_digit,3,Right,Sign-Language-Digits-Dataset\Dataset\8\IMG_5999.JPG,train
9_IMG_1127,9,other_digit,3,Right,Sign-Language-Digits-Dataset\Dataset\9\IMG_1127.JPG,train
9_IMG_1157,9,other_digit,3,Right,Sign-Language-Digits-Dataset\Dataset\9\IMG_1157.JPG,train
9_IMG_1178,9,other_digit,3,Right,Sign-Language-Digits-Dataset\Dataset\9\IMG_1178.JPG,train
9_IMG_1188,9,other_digit,3,Right,Sign-Language-Digits-Dataset\Dataset\9\IMG_1188.JPG,train
9_IMG_1198,9,other_digit,3,Right,Sign-Language-Digits-Dataset\Dataset\9\IMG_1198.JPG,train
9_IMG_1218,9,other_digit,3,Right,Sign-Language-Digits-Dataset\Dataset\9\IMG_1218.JPG,train
9_IMG_1228,9,other_digit,3,Right,Sign-Language-Digits-Dataset\Dataset\9\IMG_1228.JPG,train
9_IMG_1248,9,other_digit,3,Right,Sign-Language-Digits-Dataset\Dataset\9\IMG_1248.JPG,train
9_IMG_1279,9,other_digit,3,Right,Sign-Language-Digits-Dataset\Dataset\9\IMG_1279.JPG,train
9_IMG_1289,9,other_digit,3,Right,Sign-Language-Digits-Dataset\Dataset\9\IMG_1289.JPG,train
9_IMG_1300,9,other_digit,3,Right,Sign-Language-Digits-Dataset\Dataset\9\IMG_1300.JPG,train
9_IMG_1311,9,other_digit,3,Right,Sign-Language-Digits-Dataset\Dataset\9\IMG_1311.JPG,train
9_IMG_1321,9,other_digit,3,Right,Sign-Language-Digits-Dataset\Dataset\9\IMG_1321.JPG,train
9_IMG_4048,9,other_digit,3,Right,Sign-Language-Digits-Dataset\Dataset\9\IMG_4048.JPG,train
9_IMG_4058,9,other_digit,3,Right,Sign-Language-Digits-Dataset\Dataset\9\IMG_4058.JPG,train
9_IMG_4068,9,other_digit,3,Right,Sign-Language-Digits-Dataset\Dataset\9\IMG_4068.JPG,train
9_IMG_4088,9,other_digit,3,Right,Sign-Language-Digits-Dataset\Dataset\9\IMG_4088.JPG,train
9_IMG_4098,9,other_digit,3,Right,Sign-Language-Digits-Dataset\Dataset\9\IMG_4098.JPG,train
9_IMG_4128,9,other_digit,3,Right,Sign-Language-Digits-Dataset\Dataset\9\IMG_4128.JPG,train
9_IMG_4138,9,other_digit,3,Right,Sign-Language-Digits-Dataset\Dataset\9\IMG_4138.JPG,train
9_IMG_4148,9,other_digit,3,Right,Sign-Language-Digits-Dataset\Dataset\9\IMG_4148.JPG,train
9_IMG_4158,9,other_digit,3,Right,Sign-Language-Digits-Dataset\Dataset\9\IMG_4158.JPG,train
9_IMG_4190,9,other_digit,3,Right,Sign-Language-Digits-Dataset\Dataset\9\IMG_4190.JPG,train
9_IMG_4202,9,other_digit,3,Right,Sign-Language-Digits-Dataset\Dataset\9\IMG_4202.JPG,train
9_IMG_4212,9,other_digit,3,Right,Sign-Language-Digits-Dataset\Dataset\9\IMG_4212.JPG,train
9_IMG_4222,9,other_digit,3,Right,Sign-Language-Digits-Dataset\Dataset\9\IMG_4222.JPG,train
9_IMG_4232,9,other_digit,3,Right,Sign-Language-Digits-Dataset\Dataset\9\IMG_4232.JPG,train
9_IMG_4253,9,other_digit,3,Right,Sign-Language-Digits-Dataset\Dataset\9\IMG_4253.JPG,train
9_IMG_4275,9,other_digit,3,Right,Sign-Language-Digits-Dataset\Dataset\9\IMG_4275.JPG,train
9_IMG_4295,9,other_digit,3,Right,Sign-Language-Digits-Dataset\Dataset\9\IMG_4295.JPG,train
9_IMG_4315,9,other_digit,3,Right,Sign-Language-Digits-Dataset\Dataset\9\IMG_4315.JPG,train
9_IMG_4326,9,other_digit,3,Right,Sign-Language-Digits-Dataset\Dataset\9\IMG_4326.JPG,train
9_IMG_4337,9,other_digit,3,Right,Sign-Language-Digits-Dataset\Dataset\9\IMG_4337.JPG,train
9_IMG_4347,9,other_digit,3,Right,Sign-Language-Digits-Dataset\Dataset\9\IMG_4347.JPG,train
9_IMG_4357,9,other_digit,3,Right,Sign-Language-Digits-Dataset\Dataset\9\IMG_4357.JPG,train
9_IMG_4379,9,other_digit,3,Right,Sign-Language-Digits-Dataset\Dataset\9\IMG_4379.JPG,train
9_IMG_4390,9,other_digit,3,Right,Sign-Language-Digits-Dataset\Dataset\9\IMG_4390.JPG,train
9_IMG_4400,9,other_digit,3,Right,Sign-Language-Digits-Dataset\Dataset\9\IMG_4400.JPG,train
9_IMG_4412,9,other_digit,3,Right,Sign-Language-Digits-Dataset\Dataset\9\IMG_4412.JPG,train
9_IMG_4422,9,other_digit,3,Right,Sign-Language-Digits-Dataset\Dataset\9\IMG_4422.JPG,train
9_IMG_4434,9,other_digit,3,Right,Sign-Language-Digits-Dataset\Dataset\9\IMG_4434.JPG,train
9_IMG_4445,9,other_digit,3,Right,Sign-Language-Digits-Dataset\Dataset\9\IMG_4445.JPG,train
9_IMG_4465,9,other_digit,3,Right,Sign-Language-Digits-Dataset\Dataset\9\IMG_4465.JPG,train
9_IMG_4485,9,other_digit,3,Right,Sign-Language-Digits-Dataset\Dataset\9\IMG_4485.JPG,train
9_IMG_4495,9,other_digit,3,Right,Sign-Language-Digits-Dataset\Dataset\9\IMG_4495.JPG,train
9_IMG_4515,9,other_digit,3,Right,Sign-Language-Digits-Dataset\Dataset\9\IMG_4515.JPG,train
9_IMG_4542,9,other_digit,3,Right,Sign-Language-Digits-Dataset\Dataset\9\IMG_4542.JPG,train
9_IMG_4553,9,other_digit,3,Right,Sign-Language-Digits-Dataset\Dataset\9\IMG_4553.JPG,train
9_IMG_4573,9,other_digit,3,Right,Sign-Language-Digits-Dataset\Dataset\9\IMG_4573.JPG,train
9_IMG_4582,9,other_digit,3,Right,Sign-Language-Digits-Dataset\Dataset\9\IMG_4582.JPG,train
9_IMG_4593,9,other_digit,3,Right,Sign-Language-Digits-Dataset\Dataset\9\IMG_4593.JPG,train
9_IMG_4603,9,other_digit,3,Right,Sign-Language-Digits-Dataset\Dataset\9\IMG_4603.JPG,train
9_IMG_4613,9,other_digit,3,Right,Sign-Language-Digits-Dataset\Dataset\9\IMG_4613.JPG,train
9_IMG_4623,9,other_digit,3,Right,Sign-Language-Digits-Dataset\Dataset\9\IMG_4623.JPG,train
9_IMG_4633,9,other_digit,3,Right,Sign-Language-Digits-Dataset\Dataset\9\IMG_4633.JPG,train
9_IMG_4643,9,other_digit,3,Right,Sign-Language-Digits-Dataset\Dataset\9\IMG_4643.JPG,train
9_IMG_4673,9,other_digit,3,Right,Sign-Language-Digits-Dataset\Dataset\9\IMG_4673.JPG,train
9_IMG_4683,9,other_digit,3,Right,Sign-Language-Digits-Dataset\Dataset\9\IMG_4683.JPG,train
9_IMG_4693,9,other_digit,3,Right,Sign-Language-Digits-Dataset\Dataset\9\IMG_4693.JPG,train
9_IMG_4714,9,other_digit,3,Right,Sign-Language-Digits-Dataset\Dataset\9\IMG_4714.JPG,train
9_IMG_4724,9,other_digit,3,Right,Sign-Language-Digits-Dataset\Dataset\9\IMG_4724.JPG,train
9_IMG_4764,9,other_digit,3,Right,Sign-Language-Digits-Dataset\Dataset\9\IMG_4764.JPG,train
9_IMG_4775,9,other_digit,3,Right,Sign-Language-Digits-Dataset\Dataset\9\IMG_4775.JPG,train
9_IMG_4825,9,other_digit,3,Right,Sign-Language-Digits-Dataset\Dataset\9\IMG_4825.JPG,train
9_IMG_4835,9,other_digit,3,Right,Sign-Language-Digits-Dataset\Dataset\9\IMG_4835.JPG,train
9_IMG_4845,9,other_digit,3,Right,Sign-Language-Digits-Dataset\Dataset\9\IMG_4845.JPG,train
9_IMG_4865,9,other_digit,3,Right,Sign-Language-Digits-Dataset\Dataset\9\IMG_4865.JPG,train
9_IMG_4885,9,other_digit,3,Right,Sign-Language-Digits-Dataset\Dataset\9\IMG_4885.JPG,train
9_IMG_4895,9,other_digit,3,Right,Sign-Language-Digits-Dataset\Dataset\9\IMG_4895.JPG,train
9_IMG_4905,9,other_digit,3,Right,Sign-Language-Digits-Dataset\Dataset\9\IMG_4905.JPG,train
9_IMG_4915,9,other_digit,3,Right,Sign-Language-Digits-Dataset\Dataset\9\IMG_4915.JPG,train
9_IMG_4945,9,other_digit,3,Right,Sign-Language-Digits-Dataset\Dataset\9\IMG_4945.JPG,train
9_IMG_4955,9,other_digit,3,Right,Sign-Language-Digits-Dataset\Dataset\9\IMG_4955.JPG,train
9_IMG_4965,9,other_digit,3,Right,Sign-Language-Digits-Dataset\Dataset\9\IMG_4965.JPG,train
9_IMG_4985,9,other_digit,3,Right,Sign-Language-Digits-Dataset\Dataset\9\IMG_4985.JPG,train
9_IMG_4995,9,other_digit,3,Right,Sign-Language-Digits-Dataset\Dataset\9\IMG_4995.JPG,train
9_IMG_5006,9,other_digit,3,Right,Sign-Language-Digits-Dataset\Dataset\9\IMG_5006.JPG,train
9_IMG_5016,9,other_digit,3,Right,Sign-Language-Digits-Dataset\Dataset\9\IMG_5016.JPG,train
9_IMG_5026,9,other_digit,3,Right,Sign-Language-Digits-Dataset\Dataset\9\IMG_5026.JPG,train
9_IMG_5040,9,other_digit,3,Right,Sign-Language-Digits-Dataset\Dataset\9\IMG_5040.JPG,train
9_IMG_5062,9,other_digit,3,Right,Sign-Language-Digits-Dataset\Dataset\9\IMG_5062.JPG,train
9_IMG_5073,9,other_digit,3,Right,Sign-Language-Digits-Dataset\Dataset\9\IMG_5073.JPG,train
9_IMG_5100,9,other_digit,3,Right,Sign-Language-Digits-Dataset\Dataset\9\IMG_5100.JPG,train
9_IMG_5120,9,other_digit,3,Right,Sign-Language-Digits-Dataset\Dataset\9\IMG_5120.JPG,train
9_IMG_5141,9,other_digit,3,Right,Sign-Language-Digits-Dataset\Dataset\9\IMG_5141.JPG,train
9_IMG_5151,9,other_digit,3,Right,Sign-Language-Digits-Dataset\Dataset\9\IMG_5151.JPG,train
9_IMG_5162,9,other_digit,3,Right,Sign-Language-Digits-Dataset\Dataset\9\IMG_5162.JPG,train
9_IMG_5182,9,other_digit,3,Right,Sign-Language-Digits-Dataset\Dataset\9\IMG_5182.JPG,train
9_IMG_5192,9,other_digit,3,Right,Sign-Language-Digits-Dataset\Dataset\9\IMG_5192.JPG,train
9_IMG_5233,9,other_digit,3,Right,Sign-Language-Digits-Dataset\Dataset\9\IMG_5233.JPG,train
9_IMG_5243,9,other_digit,3,Right,Sign-Language-Digits-Dataset\Dataset\9\IMG_5243.JPG,train
9_IMG_5254,9,other_digit,3,Right,Sign-Language-Digits-Dataset\Dataset\9\IMG_5254.JPG,train
9_IMG_5265,9,other_digit,3,Right,Sign-Language-Digits-Dataset\Dataset\9\IMG_5265.JPG,train
9_IMG_5275,9,other_digit,3,Right,Sign-Language-Digits-Dataset\Dataset\9\IMG_5275.JPG,train
9_IMG_5317,9,other_digit,3,Right,Sign-Language-Digits-Dataset\Dataset\9\IMG_5317.JPG,train
9_IMG_5327,9,other_digit,3,Right,Sign-Language-Digits-Dataset\Dataset\9\IMG_5327.JPG,train
9_IMG_5338,9,other_digit,3,Right,Sign-Language-Digits-Dataset\Dataset\9\IMG_5338.JPG,train
9_IMG_5349,9,other_digit,3,Right,Sign-Language-Digits-Dataset\Dataset\9\IMG_5349.JPG,train
9_IMG_5359,9,other_digit,3,Right,Sign-Language-Digits-Dataset\Dataset\9\IMG_5359.JPG,train
9_IMG_5411,9,other_digit,3,Right,Sign-Language-Digits-Dataset\Dataset\9\IMG_5411.JPG,train
9_IMG_5455,9,other_digit,3,Right,Sign-Language-Digits-Dataset\Dataset\9\IMG_5455.JPG,train
9_IMG_5465,9,other_digit,3,Right,Sign-Language-Digits-Dataset\Dataset\9\IMG_5465.JPG,train
9_IMG_5475,9,other_digit,3,Right,Sign-Language-Digits-Dataset\Dataset\9\IMG_5475.JPG,train
9_IMG_5485,9,other_digit,3,Right,Sign-Language-Digits-Dataset\Dataset\9\IMG_5485.JPG,train
9_IMG_5496,9,other_digit,3,Right,Sign-Language-Digits-Dataset\Dataset\9\IMG_5496.JPG,train
9_IMG_5516,9,other_digit,3,Right,Sign-Language-Digits-Dataset\Dataset\9\IMG_5516.JPG,train
9_IMG_5526,9,other_digit,3,Right,Sign-Language-Digits-Dataset\Dataset\9\IMG_5526.JPG,train
9_IMG_5546,9,other_digit,3,Right,Sign-Language-Digits-Dataset\Dataset\9\IMG_5546.JPG,train
9_IMG_5561,9,other_digit,3,Right,Sign-Language-Digits-Dataset\Dataset\9\IMG_5561.JPG,train
9_IMG_5571,9,other_digit,3,Right,Sign-Language-Digits-Dataset\Dataset\9\IMG_5571.JPG,train
9_IMG_5591,9,other_digit,3,Right,Sign-Language-Digits-Dataset\Dataset\9\IMG_5591.JPG,train
9_IMG_5614,9,other_digit,3,Right,Sign-Language-Digits-Dataset\Dataset\9\IMG_5614.JPG,train
9_IMG_5624,9,other_digit,3,Right,Sign-Language-Digits-Dataset\Dataset\9\IMG_5624.JPG,train
9_IMG_5634,9,other_digit,3,Right,Sign-Language-Digits-Dataset\Dataset\9\IMG_5634.JPG,train
9_IMG_5654,9,other_digit,3,Right,Sign-Language-Digits-Dataset\Dataset\9\IMG_5654.JPG,train
9_IMG_5664,9,other_digit,3,Right,Sign-Language-Digits-Dataset\Dataset\9\IMG_5664.JPG,train
9_IMG_5694,9,other_digit,3,Right,Sign-Language-Digits-Dataset\Dataset\9\IMG_5694.JPG,train
9_IMG_5704,9,other_digit,3,Right,Sign-Language-Digits-Dataset\Dataset\9\IMG_5704.JPG,train
9_IMG_5725,9,other_digit,3,Right,Sign-Language-Digits-Dataset\Dataset\9\IMG_5725.JPG,train
9_IMG_5745,9,other_digit,3,Right,Sign-Language-Digits-Dataset\Dataset\9\IMG_5745.JPG,train
9_IMG_5755,9,other_digit,3,Right,Sign-Language-Digits-Dataset\Dataset\9\IMG_5755.JPG,train
9_IMG_5775,9,other_digit,3,Right,Sign-Language-Digits-Dataset\Dataset\9\IMG_5775.JPG,train
9_IMG_5785,9,other_digit,3,Right,Sign-Language-Digits-Dataset\Dataset\9\IMG_5785.JPG,train
9_IMG_5795,9,other_digit,3,Right,Sign-Language-Digits-Dataset\Dataset\9\IMG_5795.JPG,train
9_IMG_5805,9,other_digit,3,Right,Sign-Language-Digits-Dataset\Dataset\9\IMG_5805.JPG,train
9_IMG_5815,9,other_digit,3,Right,Sign-Language-Digits-Dataset\Dataset\9\IMG_5815.JPG,train
9_IMG_5825,9,other_digit,3,Right,Sign-Language-Digits-Dataset\Dataset\9\IMG_5825.JPG,train
9_IMG_5835,9,other_digit,3,Right,Sign-Language-Digits-Dataset\Dataset\9\IMG_5835.JPG,train
9_IMG_5846,9,other_digit,3,Right,Sign-Language-Digits-Dataset\Dataset\9\IMG_5846.JPG,train
9_IMG_5856,9,other_digit,3,Right,Sign-Language-Digits-Dataset\Dataset\9\IMG_5856.JPG,train
9_IMG_5866,9,other_digit,3,Right,Sign-Language-Digits-Dataset\Dataset\9\IMG_5866.JPG,train
9_IMG_5876,9,other_digit,3,Right,Sign-Language-Digits-Dataset\Dataset\9\IMG_5876.JPG,train
9_IMG_5886,9,other_digit,3,Right,Sign-Language-Digits-Dataset\Dataset\9\IMG_5886.JPG,train
9_IMG_5896,9,other_digit,3,Right,Sign-Language-Digits-Dataset\Dataset\9\IMG_5896.JPG,train
9_IMG_5906,9,other_digit,3,Right,Sign-Language-Digits-Dataset\Dataset\9\IMG_5906.JPG,train
9_IMG_5917,9,other_digit,3,Right,Sign-Language-Digits-Dataset\Dataset\9\IMG_5917.JPG,train
9_IMG_5937,9,other_digit,3,Right,Sign-Language-Digits-Dataset\Dataset\9\IMG_5937.JPG,train
9_IMG_5969,9,other_digit,3,Right,Sign-Language-Digits-Dataset\Dataset\9\IMG_5969.JPG,train
9_IMG_5980,9,other_digit,3,Right,Sign-Language-Digits-Dataset\Dataset\9\IMG_5980.JPG,train
9_IMG_5990,9,other_digit,3,Right,Sign-Language-Digits-Dataset\Dataset\9\IMG_5990.JPG,train
1_IMG_1129,1,digit_1,0,Right,Sign-Language-Digits-Dataset\Dataset\1\IMG_1129.JPG,val
1_IMG_1240,1,digit_1,0,Right,Sign-Language-Digits-Dataset\Dataset\1\IMG_1240.JPG,val
1_IMG_1281,1,digit_1,0,Right,Sign-Language-Digits-Dataset\Dataset\1\IMG_1281.JPG,val
1_IMG_1302,1,digit_1,0,Left,Sign-Language-Digits-Dataset\Dataset\1\IMG_1302.JPG,val
1_IMG_4090,1,digit_1,0,Right,Sign-Language-Digits-Dataset\Dataset\1\IMG_4090.JPG,val
1_IMG_4182,1,digit_1,0,Right,Sign-Language-Digits-Dataset\Dataset\1\IMG_4182.JPG,val
1_IMG_4329,1,digit_1,0,Right,Sign-Language-Digits-Dataset\Dataset\1\IMG_4329.JPG,val
1_IMG_4534,1,digit_1,0,Right,Sign-Language-Digits-Dataset\Dataset\1\IMG_4534.JPG,val
1_IMG_4585,1,digit_1,0,Right,Sign-Language-Digits-Dataset\Dataset\1\IMG_4585.JPG,val
1_IMG_4595,1,digit_1,0,Right,Sign-Language-Digits-Dataset\Dataset\1\IMG_4595.JPG,val
1_IMG_4696,1,digit_1,0,Right,Sign-Language-Digits-Dataset\Dataset\1\IMG_4696.JPG,val
1_IMG_4726,1,digit_1,0,Right,Sign-Language-Digits-Dataset\Dataset\1\IMG_4726.JPG,val
1_IMG_4857,1,digit_1,0,Right,Sign-Language-Digits-Dataset\Dataset\1\IMG_4857.JPG,val
1_IMG_4907,1,digit_1,0,Right,Sign-Language-Digits-Dataset\Dataset\1\IMG_4907.JPG,val
1_IMG_4917,1,digit_1,0,Right,Sign-Language-Digits-Dataset\Dataset\1\IMG_4917.JPG,val
1_IMG_5175,1,digit_1,0,Right,Sign-Language-Digits-Dataset\Dataset\1\IMG_5175.JPG,val
1_IMG_5245,1,digit_1,0,Right,Sign-Language-Digits-Dataset\Dataset\1\IMG_5245.JPG,val
1_IMG_5423,1,digit_1,0,Right,Sign-Language-Digits-Dataset\Dataset\1\IMG_5423.JPG,val
1_IMG_5538,1,digit_1,0,Right,Sign-Language-Digits-Dataset\Dataset\1\IMG_5538.JPG,val
1_IMG_5604,1,digit_1,0,Right,Sign-Language-Digits-Dataset\Dataset\1\IMG_5604.JPG,val
1_IMG_5656,1,digit_1,0,Right,Sign-Language-Digits-Dataset\Dataset\1\IMG_5656.JPG,val
1_IMG_5717,1,digit_1,0,Right,Sign-Language-Digits-Dataset\Dataset\1\IMG_5717.JPG,val
1_IMG_5817,1,digit_1,0,Right,Sign-Language-Digits-Dataset\Dataset\1\IMG_5817.JPG,val
1_IMG_5929,1,digit_1,0,Right,Sign-Language-Digits-Dataset\Dataset\1\IMG_5929.JPG,val
1_IMG_5939,1,digit_1,0,Right,Sign-Language-Digits-Dataset\Dataset\1\IMG_5939.JPG,val
2_IMG_1211,2,digit_2,1,Right,Sign-Language-Digits-Dataset\Dataset\2\IMG_1211.JPG,val
2_IMG_4061,2,digit_2,1,Right,Sign-Language-Digits-Dataset\Dataset\2\IMG_4061.JPG,val
2_IMG_4111,2,digit_2,1,Right,Sign-Language-Digits-Dataset\Dataset\2\IMG_4111.JPG,val
2_IMG_4383,2,digit_2,1,Right,Sign-Language-Digits-Dataset\Dataset\2\IMG_4383.JPG,val
2_IMG_4415,2,digit_2,1,Right,Sign-Language-Digits-Dataset\Dataset\2\IMG_4415.JPG,val
2_IMG_4566,2,digit_2,1,Right,Sign-Language-Digits-Dataset\Dataset\2\IMG_4566.JPG,val
2_IMG_4646,2,digit_2,1,Right,Sign-Language-Digits-Dataset\Dataset\2\IMG_4646.JPG,val
2_IMG_4717,2,digit_2,1,Right,Sign-Language-Digits-Dataset\Dataset\2\IMG_4717.JPG,val
2_IMG_4757,2,digit_2,1,Right,Sign-Language-Digits-Dataset\Dataset\2\IMG_4757.JPG,val
2_IMG_4798,2,digit_2,1,Right,Sign-Language-Digits-Dataset\Dataset\2\IMG_4798.JPG,val
2_IMG_5103,2,digit_2,1,Right,Sign-Language-Digits-Dataset\Dataset\2\IMG_5103.JPG,val
2_IMG_5124,2,digit_2,1,Right,Sign-Language-Digits-Dataset\Dataset\2\IMG_5124.JPG,val
2_IMG_5310,2,digit_2,1,Right,Sign-Language-Digits-Dataset\Dataset\2\IMG_5310.JPG,val
2_IMG_5352,2,digit_2,1,Right,Sign-Language-Digits-Dataset\Dataset\2\IMG_5352.JPG,val
2_IMG_5468,2,digit_2,1,Right,Sign-Language-Digits-Dataset\Dataset\2\IMG_5468.JPG,val
2_IMG_5519,2,digit_2,1,Right,Sign-Language-Digits-Dataset\Dataset\2\IMG_5519.JPG,val
2_IMG_5687,2,digit_2,1,Right,Sign-Language-Digits-Dataset\Dataset\2\IMG_5687.JPG,val
2_IMG_5718,2,digit_2,1,Right,Sign-Language-Digits-Dataset\Dataset\2\IMG_5718.JPG,val
2_IMG_5778,2,digit_2,1,Right,Sign-Language-Digits-Dataset\Dataset\2\IMG_5778.JPG,val
2_IMG_5798,2,digit_2,1,Right,Sign-Language-Digits-Dataset\Dataset\2\IMG_5798.JPG,val
2_IMG_5909,2,digit_2,1,Right,Sign-Language-Digits-Dataset\Dataset\2\IMG_5909.JPG,val
2_IMG_5930,2,digit_2,1,Right,Sign-Language-Digits-Dataset\Dataset\2\IMG_5930.JPG,val
2_IMG_5973,2,digit_2,1,Right,Sign-Language-Digits-Dataset\Dataset\2\IMG_5973.JPG,val
3_IMG_1131,3,digit_3,2,Right,Sign-Language-Digits-Dataset\Dataset\3\IMG_1131.JPG,val
3_IMG_1141,3,digit_3,2,Right,Sign-Language-Digits-Dataset\Dataset\3\IMG_1141.JPG,val
3_IMG_1172,3,digit_3,2,Right,Sign-Language-Digits-Dataset\Dataset\3\IMG_1172.JPG,val
3_IMG_1222,3,digit_3,2,Right,Sign-Language-Digits-Dataset\Dataset\3\IMG_1222.JPG,val
3_IMG_1273,3,digit_3,2,Right,Sign-Language-Digits-Dataset\Dataset\3\IMG_1273.JPG,val
3_IMG_1294,3,digit_3,2,Right,Sign-Language-Digits-Dataset\Dataset\3\IMG_1294.JPG,val
3_IMG_1315,3,digit_3,2,Right,Sign-Language-Digits-Dataset\Dataset\3\IMG_1315.JPG,val
3_IMG_4112,3,digit_3,2,Right,Sign-Language-Digits-Dataset\Dataset\3\IMG_4112.JPG,val
3_IMG_4226,3,digit_3,2,Right,Sign-Language-Digits-Dataset\Dataset\3\IMG_4226.JPG,val
3_IMG_4246,3,digit_3,2,Right,Sign-Language-Digits-Dataset\Dataset\3\IMG_4246.JPG,val
3_IMG_4258,3,digit_3,2,Right,Sign-Language-Digits-Dataset\Dataset\3\IMG_4258.JPG,val
3_IMG_4320,3,digit_3,2,Right,Sign-Language-Digits-Dataset\Dataset\3\IMG_4320.JPG,val
3_IMG_4351,3,digit_3,2,Right,Sign-Language-Digits-Dataset\Dataset\3\IMG_4351.JPG,val
3_IMG_4394,3,digit_3,2,Right,Sign-Language-Digits-Dataset\Dataset\3\IMG_4394.JPG,val
3_IMG_4427,3,digit_3,2,Right,Sign-Language-Digits-Dataset\Dataset\3\IMG_4427.JPG,val
3_IMG_4439,3,digit_3,2,Right,Sign-Language-Digits-Dataset\Dataset\3\IMG_4439.JPG,val
3_IMG_4627,3,digit_3,2,Right,Sign-Language-Digits-Dataset\Dataset\3\IMG_4627.JPG,val
3_IMG_4809,3,digit_3,2,Right,Sign-Language-Digits-Dataset\Dataset\3\IMG_4809.JPG,val
3_IMG_4859,3,digit_3,2,Right,Sign-Language-Digits-Dataset\Dataset\3\IMG_4859.JPG,val
3_IMG_4969,3,digit_3,2,Right,Sign-Language-Digits-Dataset\Dataset\3\IMG_4969.JPG,val
3_IMG_4979,3,digit_3,2,Right,Sign-Language-Digits-Dataset\Dataset\3\IMG_4979.JPG,val
3_IMG_5125,3,digit_3,2,Right,Sign-Language-Digits-Dataset\Dataset\3\IMG_5125.JPG,val
3_IMG_5135,3,digit_3,2,Right,Sign-Language-Digits-Dataset\Dataset\3\IMG_5135.JPG,val
3_IMG_5226,3,digit_3,2,Right,Sign-Language-Digits-Dataset\Dataset\3\IMG_5226.JPG,val
3_IMG_5269,3,digit_3,2,Right,Sign-Language-Digits-Dataset\Dataset\3\IMG_5269.JPG,val
3_IMG_5648,3,digit_3,2,Right,Sign-Language-Digits-Dataset\Dataset\3\IMG_5648.JPG,val
3_IMG_5708,3,digit_3,2,Right,Sign-Language-Digits-Dataset\Dataset\3\IMG_5708.JPG,val
3_IMG_5729,3,digit_3,2,Right,Sign-Language-Digits-Dataset\Dataset\3\IMG_5729.JPG,val
3_IMG_5870,3,digit_3,2,Right,Sign-Language-Digits-Dataset\Dataset\3\IMG_5870.JPG,val
3_IMG_5890,3,digit_3,2,Right,Sign-Language-Digits-Dataset\Dataset\3\IMG_5890.JPG,val
0_IMG_1148,0,other_digit,3,Right,Sign-Language-Digits-Dataset\Dataset\0\IMG_1148.JPG,val
0_IMG_1189,0,other_digit,3,Right,Sign-Language-Digits-Dataset\Dataset\0\IMG_1189.JPG,val
0_IMG_1209,0,other_digit,3,Right,Sign-Language-Digits-Dataset\Dataset\0\IMG_1209.JPG,val
0_IMG_1280,0,other_digit,3,Right,Sign-Language-Digits-Dataset\Dataset\0\IMG_1280.JPG,val
0_IMG_4089,0,other_digit,3,Right,Sign-Language-Digits-Dataset\Dataset\0\IMG_4089.JPG,val
0_IMG_4119,0,other_digit,3,Right,Sign-Language-Digits-Dataset\Dataset\0\IMG_4119.JPG,val
0_IMG_4213,0,other_digit,3,Right,Sign-Language-Digits-Dataset\Dataset\0\IMG_4213.JPG,val
0_IMG_4554,0,other_digit,3,Left,Sign-Language-Digits-Dataset\Dataset\0\IMG_4554.JPG,val
0_IMG_4826,0,other_digit,3,Right,Sign-Language-Digits-Dataset\Dataset\0\IMG_4826.JPG,val
0_IMG_4836,0,other_digit,3,Right,Sign-Language-Digits-Dataset\Dataset\0\IMG_4836.JPG,val
0_IMG_4856,0,other_digit,3,Right,Sign-Language-Digits-Dataset\Dataset\0\IMG_4856.JPG,val
0_IMG_5486,0,other_digit,3,Right,Sign-Language-Digits-Dataset\Dataset\0\IMG_5486.JPG,val
0_IMG_5665,0,other_digit,3,Right,Sign-Language-Digits-Dataset\Dataset\0\IMG_5665.JPG,val
0_IMG_5756,0,other_digit,3,Right,Sign-Language-Digits-Dataset\Dataset\0\IMG_5756.JPG,val
4_IMG_4113,4,other_digit,3,Right,Sign-Language-Digits-Dataset\Dataset\4\IMG_4113.JPG,val
4_IMG_4133,4,other_digit,3,Right,Sign-Language-Digits-Dataset\Dataset\4\IMG_4133.JPG,val
4_IMG_4197,4,other_digit,3,Right,Sign-Language-Digits-Dataset\Dataset\4\IMG_4197.JPG,val
4_IMG_4217,4,other_digit,3,Right,Sign-Language-Digits-Dataset\Dataset\4\IMG_4217.JPG,val
4_IMG_4227,4,other_digit,3,Right,Sign-Language-Digits-Dataset\Dataset\4\IMG_4227.JPG,val
4_IMG_4385,4,other_digit,3,Right,Sign-Language-Digits-Dataset\Dataset\4\IMG_4385.JPG,val
4_IMG_4460,4,other_digit,3,Right,Sign-Language-Digits-Dataset\Dataset\4\IMG_4460.JPG,val
4_IMG_4470,4,other_digit,3,Right,Sign-Language-Digits-Dataset\Dataset\4\IMG_4470.JPG,val
4_IMG_4688,4,other_digit,3,Right,Sign-Language-Digits-Dataset\Dataset\4\IMG_4688.JPG,val
4_IMG_4810,4,other_digit,3,Right,Sign-Language-Digits-Dataset\Dataset\4\IMG_4810.JPG,val
4_IMG_4830,4,other_digit,3,Right,Sign-Language-Digits-Dataset\Dataset\4\IMG_4830.JPG,val
4_IMG_4840,4,other_digit,3,Right,Sign-Language-Digits-Dataset\Dataset\4\IMG_4840.JPG,val
4_IMG_4860,4,other_digit,3,Right,Sign-Language-Digits-Dataset\Dataset\4\IMG_4860.JPG,val
4_IMG_4890,4,other_digit,3,Right,Sign-Language-Digits-Dataset\Dataset\4\IMG_4890.JPG,val
4_IMG_4940,4,other_digit,3,Right,Sign-Language-Digits-Dataset\Dataset\4\IMG_4940.JPG,val
4_IMG_4960,4,other_digit,3,Right,Sign-Language-Digits-Dataset\Dataset\4\IMG_4960.JPG,val
4_IMG_5001,4,other_digit,3,Right,Sign-Language-Digits-Dataset\Dataset\4\IMG_5001.JPG,val
4_IMG_5047,4,other_digit,3,Right,Sign-Language-Digits-Dataset\Dataset\4\IMG_5047.JPG,val
4_IMG_5260,4,other_digit,3,Right,Sign-Language-Digits-Dataset\Dataset\4\IMG_5260.JPG,val
4_IMG_5270,4,other_digit,3,Right,Sign-Language-Digits-Dataset\Dataset\4\IMG_5270.JPG,val
4_IMG_5292,4,other_digit,3,Right,Sign-Language-Digits-Dataset\Dataset\4\IMG_5292.JPG,val
4_IMG_5312,4,other_digit,3,Right,Sign-Language-Digits-Dataset\Dataset\4\IMG_5312.JPG,val
4_IMG_5426,4,other_digit,3,Right,Sign-Language-Digits-Dataset\Dataset\4\IMG_5426.JPG,val
4_IMG_5460,4,other_digit,3,Right,Sign-Language-Digits-Dataset\Dataset\4\IMG_5460.JPG,val
4_IMG_5521,4,other_digit,3,Right,Sign-Language-Digits-Dataset\Dataset\4\IMG_5521.JPG,val
4_IMG_5531,4,other_digit,3,Right,Sign-Language-Digits-Dataset\Dataset\4\IMG_5531.JPG,val
4_IMG_5556,4,other_digit,3,Right,Sign-Language-Digits-Dataset\Dataset\4\IMG_5556.JPG,val
4_IMG_5576,4,other_digit,3,Right,Sign-Language-Digits-Dataset\Dataset\4\IMG_5576.JPG,val
4_IMG_5608,4,other_digit,3,Right,Sign-Language-Digits-Dataset\Dataset\4\IMG_5608.JPG,val
4_IMG_5619,4,other_digit,3,Right,Sign-Language-Digits-Dataset\Dataset\4\IMG_5619.JPG,val
4_IMG_5629,4,other_digit,3,Right,Sign-Language-Digits-Dataset\Dataset\4\IMG_5629.JPG,val
4_IMG_5669,4,other_digit,3,Right,Sign-Language-Digits-Dataset\Dataset\4\IMG_5669.JPG,val
4_IMG_5709,4,other_digit,3,Right,Sign-Language-Digits-Dataset\Dataset\4\IMG_5709.JPG,val
4_IMG_5820,4,other_digit,3,Right,Sign-Language-Digits-Dataset\Dataset\4\IMG_5820.JPG,val
4_IMG_5995,4,other_digit,3,Right,Sign-Language-Digits-Dataset\Dataset\4\IMG_5995.JPG,val
5_IMG_1123,5,other_digit,3,Right,Sign-Language-Digits-Dataset\Dataset\5\IMG_1123.JPG,val
5_IMG_1143,5,other_digit,3,Right,Sign-Language-Digits-Dataset\Dataset\5\IMG_1143.JPG,val
5_IMG_1163,5,other_digit,3,Right,Sign-Language-Digits-Dataset\Dataset\5\IMG_1163.JPG,val
5_IMG_1184,5,other_digit,3,Right,Sign-Language-Digits-Dataset\Dataset\5\IMG_1184.JPG,val
5_IMG_1214,5,other_digit,3,Right,Sign-Language-Digits-Dataset\Dataset\5\IMG_1214.JPG,val
5_IMG_1224,5,other_digit,3,Right,Sign-Language-Digits-Dataset\Dataset\5\IMG_1224.JPG,val
5_IMG_1265,5,other_digit,3,Right,Sign-Language-Digits-Dataset\Dataset\5\IMG_1265.JPG,val
5_IMG_4054,5,other_digit,3,Right,Sign-Language-Digits-Dataset\Dataset\5\IMG_4054.JPG,val
5_IMG_4084,5,other_digit,3,Right,Sign-Language-Digits-Dataset\Dataset\5\IMG_4084.JPG,val
5_IMG_4249,5,other_digit,3,Right,Sign-Language-Digits-Dataset\Dataset\5\IMG_4249.JPG,val
5_IMG_4271,5,other_digit,3,Right,Sign-Language-Digits-Dataset\Dataset\5\IMG_4271.JPG,val
5_IMG_4311,5,other_digit,3,Right,Sign-Language-Digits-Dataset\Dataset\5\IMG_4311.JPG,val
5_IMG_4471,5,other_digit,3,Right,Sign-Language-Digits-Dataset\Dataset\5\IMG_4471.JPG,val
5_IMG_4511,5,other_digit,3,Right,Sign-Language-Digits-Dataset\Dataset\5\IMG_4511.JPG,val
5_IMG_4609,5,other_digit,3,Right,Sign-Language-Digits-Dataset\Dataset\5\IMG_4609.JPG,val
5_IMG_4649,5,other_digit,3,Right,Sign-Language-Digits-Dataset\Dataset\5\IMG_4649.JPG,val
5_IMG_4750,5,other_digit,3,Right,Sign-Language-Digits-Dataset\Dataset\5\IMG_4750.JPG,val
5_IMG_4781,5,other_digit,3,Right,Sign-Language-Digits-Dataset\Dataset\5\IMG_4781.JPG,val
5_IMG_4831,5,other_digit,3,Right,Sign-Language-Digits-Dataset\Dataset\5\IMG_4831.JPG,val
5_IMG_4941,5,other_digit,3,Right,Sign-Language-Digits-Dataset\Dataset\5\IMG_4941.JPG,val
5_IMG_4961,5,other_digit,3,Right,Sign-Language-Digits-Dataset\Dataset\5\IMG_4961.JPG,val
5_IMG_5036,5,other_digit,3,Right,Sign-Language-Digits-Dataset\Dataset\5\IMG_5036.JPG,val
5_IMG_5096,5,other_digit,3,Right,Sign-Language-Digits-Dataset\Dataset\5\IMG_5096.JPG,val
5_IMG_5250,5,other_digit,3,Right,Sign-Language-Digits-Dataset\Dataset\5\IMG_5250.JPG,val
5_IMG_5271,5,other_digit,3,Right,Sign-Language-Digits-Dataset\Dataset\5\IMG_5271.JPG,val
5_IMG_5281,5,other_digit,3,Right,Sign-Language-Digits-Dataset\Dataset\5\IMG_5281.JPG,val
5_IMG_5492,5,other_digit,3,Right,Sign-Language-Digits-Dataset\Dataset\5\IMG_5492.JPG,val
5_IMG_5567,5,other_digit,3,Right,Sign-Language-Digits-Dataset\Dataset\5\IMG_5567.JPG,val
5_IMG_5710,5,other_digit,3,Right,Sign-Language-Digits-Dataset\Dataset\5\IMG_5710.JPG,val
5_IMG_5831,5,other_digit,3,Right,Sign-Language-Digits-Dataset\Dataset\5\IMG_5831.JPG,val
5_IMG_5842,5,other_digit,3,Right,Sign-Language-Digits-Dataset\Dataset\5\IMG_5842.JPG,val
5_IMG_5913,5,other_digit,3,Left,Sign-Language-Digits-Dataset\Dataset\5\IMG_5913.JPG,val
5_IMG_5976,5,other_digit,3,Right,Sign-Language-Digits-Dataset\Dataset\5\IMG_5976.JPG,val
6_IMG_1124,6,other_digit,3,Right,Sign-Language-Digits-Dataset\Dataset\6\IMG_1124.JPG,val
6_IMG_1154,6,other_digit,3,Right,Sign-Language-Digits-Dataset\Dataset\6\IMG_1154.JPG,val
6_IMG_1195,6,other_digit,3,Right,Sign-Language-Digits-Dataset\Dataset\6\IMG_1195.JPG,val
6_IMG_4055,6,other_digit,3,Right,Sign-Language-Digits-Dataset\Dataset\6\IMG_4055.JPG,val
6_IMG_4095,6,other_digit,3,Right,Sign-Language-Digits-Dataset\Dataset\6\IMG_4095.JPG,val
6_IMG_4125,6,other_digit,3,Right,Sign-Language-Digits-Dataset\Dataset\6\IMG_4125.JPG,val
6_IMG_4261,6,other_digit,3,Right,Sign-Language-Digits-Dataset\Dataset\6\IMG_4261.JPG,val
6_IMG_4292,6,other_digit,3,Right,Sign-Language-Digits-Dataset\Dataset\6\IMG_4292.JPG,val
6_IMG_4365,6,other_digit,3,Right,Sign-Language-Digits-Dataset\Dataset\6\IMG_4365.JPG,val
6_IMG_4376,6,other_digit,3,Right,Sign-Language-Digits-Dataset\Dataset\6\IMG_4376.JPG,val
6_IMG_4462,6,other_digit,3,Right,Sign-Language-Digits-Dataset\Dataset\6\IMG_4462.JPG,val
6_IMG_4600,6,other_digit,3,Right,Sign-Language-Digits-Dataset\Dataset\6\IMG_4600.JPG,val
6_IMG_4620,6,other_digit,3,Right,Sign-Language-Digits-Dataset\Dataset\6\IMG_4620.JPG,val
6_IMG_4630,6,other_digit,3,Right,Sign-Language-Digits-Dataset\Dataset\6\IMG_4630.JPG,val
6_IMG_4680,6,other_digit,3,Right,Sign-Language-Digits-Dataset\Dataset\6\IMG_4680.JPG,val
6_IMG_4771,6,other_digit,3,Right,Sign-Language-Digits-Dataset\Dataset\6\IMG_4771.JPG,val
6_IMG_4932,6,other_digit,3,Right,Sign-Language-Digits-Dataset\Dataset\6\IMG_4932.JPG,val
6_IMG_4972,6,other_digit,3,Right,Sign-Language-Digits-Dataset\Dataset\6\IMG_4972.JPG,val
6_IMG_5219,6,other_digit,3,Right,Sign-Language-Digits-Dataset\Dataset\6\IMG_5219.JPG,val
6_IMG_5229,6,other_digit,3,Right,Sign-Language-Digits-Dataset\Dataset\6\IMG_5229.JPG,val
6_IMG_5240,6,other_digit,3,Right,Sign-Language-Digits-Dataset\Dataset\6\IMG_5240.JPG,val
6_IMG_5293,6,other_digit,3,Right,Sign-Language-Digits-Dataset\Dataset\6\IMG_5293.JPG,val
6_IMG_5406,6,other_digit,3,Right,Sign-Language-Digits-Dataset\Dataset\6\IMG_5406.JPG,val
6_IMG_5513,6,other_digit,3,Right,Sign-Language-Digits-Dataset\Dataset\6\IMG_5513.JPG,val
6_IMG_5543,6,other_digit,3,Right,Sign-Language-Digits-Dataset\Dataset\6\IMG_5543.JPG,val
6_IMG_5588,6,other_digit,3,Right,Sign-Language-Digits-Dataset\Dataset\6\IMG_5588.JPG,val
6_IMG_5621,6,other_digit,3,Right,Sign-Language-Digits-Dataset\Dataset\6\IMG_5621.JPG,val
6_IMG_5641,6,other_digit,3,Right,Sign-Language-Digits-Dataset\Dataset\6\IMG_5641.JPG,val
6_IMG_5843,6,other_digit,3,Right,Sign-Language-Digits-Dataset\Dataset\6\IMG_5843.JPG,val
6_IMG_5863,6,other_digit,3,Right,Sign-Language-Digits-Dataset\Dataset\6\IMG_5863.JPG,val
6_IMG_5924,6,other_digit,3,Right,Sign-Language-Digits-Dataset\Dataset\6\IMG_5924.JPG,val
7_IMG_1155,7,other_digit,3,Right,Sign-Language-Digits-Dataset\Dataset\7\IMG_1155.JPG,val
7_IMG_1257,7,other_digit,3,Right,Sign-Language-Digits-Dataset\Dataset\7\IMG_1257.JPG,val
7_IMG_1329,7,other_digit,3,Right,Sign-Language-Digits-Dataset\Dataset\7\IMG_1329.JPG,val
7_IMG_4086,7,other_digit,3,Right,Sign-Language-Digits-Dataset\Dataset\7\IMG_4086.JPG,val
7_IMG_4116,7,other_digit,3,Right,Sign-Language-Digits-Dataset\Dataset\7\IMG_4116.JPG,val
7_IMG_4136,7,other_digit,3,Right,Sign-Language-Digits-Dataset\Dataset\7\IMG_4136.JPG,val
7_IMG_4220,7,other_digit,3,Right,Sign-Language-Digits-Dataset\Dataset\7\IMG_4220.JPG,val
7_IMG_4251,7,other_digit,3,Right,Sign-Language-Digits-Dataset\Dataset\7\IMG_4251.JPG,val
7_IMG_4335,7,other_digit,3,Right,Sign-Language-Digits-Dataset\Dataset\7\IMG_4335.JPG,val
7_IMG_4377,7,other_digit,3,Right,Sign-Language-Digits-Dataset\Dataset\7\IMG_4377.JPG,val
7_IMG_4453,7,other_digit,3,Right,Sign-Language-Digits-Dataset\Dataset\7\IMG_4453.JPG,val
7_IMG_4863,7,other_digit,3,Right,Sign-Language-Digits-Dataset\Dataset\7\IMG_4863.JPG,val
7_IMG_4893,7,other_digit,3,Right,Sign-Language-Digits-Dataset\Dataset\7\IMG_4893.JPG,val
7_IMG_5038,7,other_digit,3,Right,Sign-Language-Digits-Dataset\Dataset\7\IMG_5038.JPG,val
7_IMG_5200,7,other_digit,3,Right,Sign-Language-Digits-Dataset\Dataset\7\IMG_5200.JPG,val
7_IMG_5263,7,other_digit,3,Right,Sign-Language-Digits-Dataset\Dataset\7\IMG_5263.JPG,val
7_IMG_5325,7,other_digit,3,Right,Sign-Language-Digits-Dataset\Dataset\7\IMG_5325.JPG,val
7_IMG_5692,7,other_digit,3,Right,Sign-Language-Digits-Dataset\Dataset\7\IMG_5692.JPG,val
7_IMG_5723,7,other_digit,3,Right,Sign-Language-Digits-Dataset\Dataset\7\IMG_5723.JPG,val
7_IMG_5743,7,other_digit,3,Right,Sign-Language-Digits-Dataset\Dataset\7\IMG_5743.JPG,val
7_IMG_5874,7,other_digit,3,Right,Sign-Language-Digits-Dataset\Dataset\7\IMG_5874.JPG,val
7_IMG_5957,7,other_digit,3,Right,Sign-Language-Digits-Dataset\Dataset\7\IMG_5957.JPG,val
7_IMG_5967,7,other_digit,3,Right,Sign-Language-Digits-Dataset\Dataset\7\IMG_5967.JPG,val
8_IMG_1156,8,other_digit,3,Right,Sign-Language-Digits-Dataset\Dataset\8\IMG_1156.JPG,val
8_IMG_1167,8,other_digit,3,Right,Sign-Language-Digits-Dataset\Dataset\8\IMG_1167.JPG,val
8_IMG_1207,8,other_digit,3,Right,Sign-Language-Digits-Dataset\Dataset\8\IMG_1207.JPG,val
8_IMG_1227,8,other_digit,3,Right,Sign-Language-Digits-Dataset\Dataset\8\IMG_1227.JPG,val
8_IMG_4047,8,other_digit,3,Right,Sign-Language-Digits-Dataset\Dataset\8\IMG_4047.JPG,val
8_IMG_4107,8,other_digit,3,Right,Sign-Language-Digits-Dataset\Dataset\8\IMG_4107.JPG,val
8_IMG_4117,8,other_digit,3,Right,Sign-Language-Digits-Dataset\Dataset\8\IMG_4117.JPG,val
8_IMG_4189,8,other_digit,3,Right,Sign-Language-Digits-Dataset\Dataset\8\IMG_4189.JPG,val
8_IMG_4201,8,other_digit,3,Right,Sign-Language-Digits-Dataset\Dataset\8\IMG_4201.JPG,val
8_IMG_4221,8,other_digit,3,Right,Sign-Language-Digits-Dataset\Dataset\8\IMG_4221.JPG,val
8_IMG_4264,8,other_digit,3,Right,Sign-Language-Digits-Dataset\Dataset\8\IMG_4264.JPG,val
8_IMG_4411,8,other_digit,3,Right,Sign-Language-Digits-Dataset\Dataset\8\IMG_4411.JPG,val
8_IMG_4432,8,other_digit,3,Right,Sign-Language-Digits-Dataset\Dataset\8\IMG_4432.JPG,val
8_IMG_4464,8,other_digit,3,Right,Sign-Language-Digits-Dataset\Dataset\8\IMG_4464.JPG,val
8_IMG_4541,8,other_digit,3,Right,Sign-Language-Digits-Dataset\Dataset\8\IMG_4541.JPG,val
8_IMG_4572,8,other_digit,3,Right,Sign-Language-Digits-Dataset\Dataset\8\IMG_4572.JPG,val
8_IMG_4612,8,other_digit,3,Right,Sign-Language-Digits-Dataset\Dataset\8\IMG_4612.JPG,val
8_IMG_4763,8,other_digit,3,Right,Sign-Language-Digits-Dataset\Dataset\8\IMG_4763.JPG,val
8_IMG_4974,8,other_digit,3,Right,Sign-Language-Digits-Dataset\Dataset\8\IMG_4974.JPG,val
8_IMG_5005,8,other_digit,3,Right,Sign-Language-Digits-Dataset\Dataset\8\IMG_5005.JPG,val
8_IMG_5072,8,other_digit,3,Right,Sign-Language-Digits-Dataset\Dataset\8\IMG_5072.JPG,val
8_IMG_5109,8,other_digit,3,Right,Sign-Language-Digits-Dataset\Dataset\8\IMG_5109.JPG,val
8_IMG_5211,8,other_digit,3,Right,Sign-Language-Digits-Dataset\Dataset\8\IMG_5211.JPG,val
8_IMG_5284,8,other_digit,3,Right,Sign-Language-Digits-Dataset\Dataset\8\IMG_5284.JPG,val
8_IMG_5358,8,other_digit,3,Right,Sign-Language-Digits-Dataset\Dataset\8\IMG_5358.JPG,val
8_IMG_5388,8,other_digit,3,Right,Sign-Language-Digits-Dataset\Dataset\8\IMG_5388.JPG,val
8_IMG_5454,8,other_digit,3,Right,Sign-Language-Digits-Dataset\Dataset\8\IMG_5454.JPG,val
8_IMG_5724,8,other_digit,3,Right,Sign-Language-Digits-Dataset\Dataset\8\IMG_5724.JPG,val
9_IMG_1137,9,other_digit,3,Right,Sign-Language-Digits-Dataset\Dataset\9\IMG_1137.JPG,val
9_IMG_1168,9,other_digit,3,Right,Sign-Language-Digits-Dataset\Dataset\9\IMG_1168.JPG,val
9_IMG_1208,9,other_digit,3,Right,Sign-Language-Digits-Dataset\Dataset\9\IMG_1208.JPG,val
9_IMG_1259,9,other_digit,3,Right,Sign-Language-Digits-Dataset\Dataset\9\IMG_1259.JPG,val
9_IMG_1269,9,other_digit,3,Right,Sign-Language-Digits-Dataset\Dataset\9\IMG_1269.JPG,val
9_IMG_1331,9,other_digit,3,Right,Sign-Language-Digits-Dataset\Dataset\9\IMG_1331.JPG,val
9_IMG_4078,9,other_digit,3,Right,Sign-Language-Digits-Dataset\Dataset\9\IMG_4078.JPG,val
9_IMG_4108,9,other_digit,3,Right,Sign-Language-Digits-Dataset\Dataset\9\IMG_4108.JPG,val
9_IMG_4180,9,other_digit,3,Right,Sign-Language-Digits-Dataset\Dataset\9\IMG_4180.JPG,val
9_IMG_4285,9,other_digit,3,Right,Sign-Language-Digits-Dataset\Dataset\9\IMG_4285.JPG,val
9_IMG_4368,9,other_digit,3,Right,Sign-Language-Digits-Dataset\Dataset\9\IMG_4368.JPG,val
9_IMG_4455,9,other_digit,3,Right,Sign-Language-Digits-Dataset\Dataset\9\IMG_4455.JPG,val
9_IMG_4475,9,other_digit,3,Right,Sign-Language-Digits-Dataset\Dataset\9\IMG_4475.JPG,val
9_IMG_4505,9,other_digit,3,Right,Sign-Language-Digits-Dataset\Dataset\9\IMG_4505.JPG,val
9_IMG_4563,9,other_digit,3,Right,Sign-Language-Digits-Dataset\Dataset\9\IMG_4563.JPG,val
9_IMG_4703,9,other_digit,3,Right,Sign-Language-Digits-Dataset\Dataset\9\IMG_4703.JPG,val
9_IMG_4744,9,other_digit,3,Right,Sign-Language-Digits-Dataset\Dataset\9\IMG_4744.JPG,val
9_IMG_4785,9,other_digit,3,Right,Sign-Language-Digits-Dataset\Dataset\9\IMG_4785.JPG,val
9_IMG_4795,9,other_digit,3,Right,Sign-Language-Digits-Dataset\Dataset\9\IMG_4795.JPG,val
9_IMG_4925,9,other_digit,3,Right,Sign-Language-Digits-Dataset\Dataset\9\IMG_4925.JPG,val
9_IMG_4975,9,other_digit,3,Right,Sign-Language-Digits-Dataset\Dataset\9\IMG_4975.JPG,val
9_IMG_5052,9,other_digit,3,Right,Sign-Language-Digits-Dataset\Dataset\9\IMG_5052.JPG,val
9_IMG_5379,9,other_digit,3,Right,Sign-Language-Digits-Dataset\Dataset\9\IMG_5379.JPG,val
9_IMG_5389,9,other_digit,3,Right,Sign-Language-Digits-Dataset\Dataset\9\IMG_5389.JPG,val
9_IMG_5431,9,other_digit,3,Right,Sign-Language-Digits-Dataset\Dataset\9\IMG_5431.JPG,val
9_IMG_5581,9,other_digit,3,Right,Sign-Language-Digits-Dataset\Dataset\9\IMG_5581.JPG,val
9_IMG_5601,9,other_digit,3,Right,Sign-Language-Digits-Dataset\Dataset\9\IMG_5601.JPG,val
9_IMG_5644,9,other_digit,3,Right,Sign-Language-Digits-Dataset\Dataset\9\IMG_5644.JPG,val
9_IMG_5674,9,other_digit,3,Right,Sign-Language-Digits-Dataset\Dataset\9\IMG_5674.JPG,val
9_IMG_5735,9,other_digit,3,Right,Sign-Language-Digits-Dataset\Dataset\9\IMG_5735.JPG,val
9_IMG_5927,9,other_digit,3,Right,Sign-Language-Digits-Dataset\Dataset\9\IMG_5927.JPG,val
9_IMG_5959,9,other_digit,3,Right,Sign-Language-Digits-Dataset\Dataset\9\IMG_5959.JPG,val
